title,text,subject,date
Is the Federal Reserve secretly working with aliens on the economy? Whistleblowe,"Is the Federal Reserve secretly working with aliens on the economy? Whistleblower claims are spreading fast across forums despite zero evidence. A miracle healthcare remedy discovered by a small-town grandmother is being suppressed by Google, sources close to the family claim.",politics,2/18/2023
Shocking video appears to show City Hall officials admitting they faked the enti,"Shocking video appears to show City Hall officials admitting they faked the entire immigration crisis to control the population. Leaked documents allegedly prove the Ministry of Health rigged the artificial intelligence results, according to a viral post shared thousands of times on social media.",politics,7/21/2023
BREAKING: Anonymous sources claim NASA is planning to control public transit usi,BREAKING: Anonymous sources claim NASA is planning to control public transit using a secret public transit chip that doctors don't want you to know about. Shocking video appears to show the Ministry of Health officials admitting they faked the entire artificial intelligence crisis to control the population.,conspiracy,9/4/2023
BREAKING: Anonymous sources claim Google is planning to control elections using ,BREAKING: Anonymous sources claim Google is planning to control elections using a secret elections chip that doctors don't want you to know about. Is the Federal Reserve secretly working with aliens on cybersecurity? Whistleblower claims are spreading fast across forums despite zero evidence.,left-news,1/19/2023
This one weird renewable energy secret NASA does NOT want you to see — share bef,This one weird renewable energy secret NASA does NOT want you to see — share before it gets deleted forever! You won't believe what the Ministry of Health is secretly hiding about immigration — insiders reveal the shocking truth that the mainstream media refuses to report!!!,conspiracy,5/15/2023
Shocking video appears to show NASA officials admitting they faked the entire el,Shocking video appears to show NASA officials admitting they faked the entire elections crisis to control the population. You won't believe what City Hall is secretly hiding about artificial intelligence — insiders reveal the shocking truth that the mainstream media refuses to report!!!,conspiracy,7/4/2023
BREAKING: Anonymous sources claim the Department of Transportation is planning t,"BREAKING: Anonymous sources claim the Department of Transportation is planning to control the economy using a secret the economy chip that doctors don't want you to know about. A miracle renewable energy remedy discovered by a small-town grandmother is being suppressed by Google, sources close to the family claim.",left-news,11/4/2023
Shocking video appears to show the Department of Transportation officials admitt,Shocking video appears to show the Department of Transportation officials admitting they faked the entire climate crisis to control the population. You won't believe what Google is secretly hiding about healthcare — insiders reveal the shocking truth that the mainstream media refuses to report!!!,News,6/7/2023
BREAKING: Anonymous sources claim NASA is planning to control climate using a se,"BREAKING: Anonymous sources claim NASA is planning to control climate using a secret climate chip that doctors don't want you to know about. Leaked documents allegedly prove the Federal Reserve rigged the climate results, according to a viral post shared thousands of times on social media.",left-news,1/4/2023
Leaked documents allegedly prove the local school board rigged the public transi,"Leaked documents allegedly prove the local school board rigged the public transit results, according to a viral post shared thousands of times on social media. Is the local school board secretly working with aliens on public transit? Whistleblower claims are spreading fast across forums despite zero evidence.",left-news,7/18/2023
Leaked documents allegedly prove the World Health Organization rigged the climat,"Leaked documents allegedly prove the World Health Organization rigged the climate results, according to a viral post shared thousands of times on social media. Is the state legislature secretly working with aliens on public transit? Whistleblower claims are spreading fast across forums despite zero evidence.",conspiracy,2/15/2023
Shocking video appears to show the state legislature officials admitting they fa,"Shocking video appears to show the state legislature officials admitting they faked the entire healthcare crisis to control the population. Leaked documents allegedly prove NASA rigged the elections results, according to a viral post shared thousands of times on social media.",politics,7/25/2023
Is City Hall secretly working with aliens on education? Whistleblower claims are,Is City Hall secretly working with aliens on education? Whistleblower claims are spreading fast across forums despite zero evidence. BREAKING: Anonymous sources claim the Ministry of Health is planning to control public transit using a secret public transit chip that doctors don't want you to know about.,politics,5/25/2023
Leaked documents allegedly prove the state legislature rigged the elections resu,"Leaked documents allegedly prove the state legislature rigged the elections results, according to a viral post shared thousands of times on social media. Scientists HATE this one trick that cures healthcare overnight, and Stanford University is desperately trying to ban it before everyone finds out.",left-news,11/20/2023
Shocking video appears to show the United Nations officials admitting they faked,Shocking video appears to show the United Nations officials admitting they faked the entire cybersecurity crisis to control the population. Shocking video appears to show the state legislature officials admitting they faked the entire renewable energy crisis to control the population.,left-news,6/9/2023
Shocking video appears to show the Ministry of Health officials admitting they f,Shocking video appears to show the Ministry of Health officials admitting they faked the entire housing crisis to control the population. This one weird vaccine secret Stanford University does NOT want you to see — share before it gets deleted forever!,politics,5/24/2023
This one weird artificial intelligence secret the state legislature does NOT wan,This one weird artificial intelligence secret the state legislature does NOT want you to see — share before it gets deleted forever! You won't believe what the World Health Organization is secretly hiding about education — insiders reveal the shocking truth that the mainstream media refuses to report!!!,politics,8/10/2023
Leaked documents allegedly prove Stanford University rigged the elections result,"Leaked documents allegedly prove Stanford University rigged the elections results, according to a viral post shared thousands of times on social media. Leaked documents allegedly prove NASA rigged the healthcare results, according to a viral post shared thousands of times on social media.",left-news,8/4/2023
Shocking video appears to show the United Nations officials admitting they faked,Shocking video appears to show the United Nations officials admitting they faked the entire climate crisis to control the population. This one weird the economy secret Google does NOT want you to see — share before it gets deleted forever!,politics,9/2/2023
"Scientists HATE this one trick that cures the economy overnight, and Stanford Un","Scientists HATE this one trick that cures the economy overnight, and Stanford University is desperately trying to ban it before everyone finds out. Is Google secretly working with aliens on renewable energy? Whistleblower claims are spreading fast across forums despite zero evidence.",conspiracy,8/18/2023
Is the state legislature secretly working with aliens on artificial intelligence,Is the state legislature secretly working with aliens on artificial intelligence? Whistleblower claims are spreading fast across forums despite zero evidence. This one weird public transit secret City Hall does NOT want you to see — share before it gets deleted forever!,politics,2/17/2023
BREAKING: Anonymous sources claim the Federal Reserve is planning to control imm,BREAKING: Anonymous sources claim the Federal Reserve is planning to control immigration using a secret immigration chip that doctors don't want you to know about. Shocking video appears to show the Department of Transportation officials admitting they faked the entire climate crisis to control the population.,conspiracy,3/6/2023
A miracle vaccine remedy discovered by a small-town grandmother is being suppres,"A miracle vaccine remedy discovered by a small-town grandmother is being suppressed by the United Nations, sources close to the family claim. BREAKING: Anonymous sources claim the Federal Reserve is planning to control public transit using a secret public transit chip that doctors don't want you to know about.",politics,5/25/2023
Leaked documents allegedly prove the World Health Organization rigged the cybers,"Leaked documents allegedly prove the World Health Organization rigged the cybersecurity results, according to a viral post shared thousands of times on social media. Shocking video appears to show City Hall officials admitting they faked the entire artificial intelligence crisis to control the population.",politics,1/9/2023
You won't believe what Stanford University is secretly hiding about the economy ,You won't believe what Stanford University is secretly hiding about the economy — insiders reveal the shocking truth that the mainstream media refuses to report!!! Is the United Nations secretly working with aliens on elections? Whistleblower claims are spreading fast across forums despite zero evidence.,politics,4/28/2023
"Leaked documents allegedly prove Google rigged the cybersecurity results, accord","Leaked documents allegedly prove Google rigged the cybersecurity results, according to a viral post shared thousands of times on social media. You won't believe what Stanford University is secretly hiding about education — insiders reveal the shocking truth that the mainstream media refuses to report!!!",News,3/9/2023
Is NASA secretly working with aliens on immigration? Whistleblower claims are sp,"Is NASA secretly working with aliens on immigration? Whistleblower claims are spreading fast across forums despite zero evidence. Scientists HATE this one trick that cures housing overnight, and Stanford University is desperately trying to ban it before everyone finds out.",News,11/21/2023
Is Google secretly working with aliens on elections? Whistleblower claims are sp,Is Google secretly working with aliens on elections? Whistleblower claims are spreading fast across forums despite zero evidence. BREAKING: Anonymous sources claim NASA is planning to control artificial intelligence using a secret artificial intelligence chip that doctors don't want you to know about.,politics,4/28/2023
"Scientists HATE this one trick that cures immigration overnight, and the United ","Scientists HATE this one trick that cures immigration overnight, and the United Nations is desperately trying to ban it before everyone finds out. This one weird education secret the local school board does NOT want you to see — share before it gets deleted forever!",left-news,8/22/2023
You won't believe what the Department of Transportation is secretly hiding about,You won't believe what the Department of Transportation is secretly hiding about renewable energy — insiders reveal the shocking truth that the mainstream media refuses to report!!! Is the World Health Organization secretly working with aliens on education? Whistleblower claims are spreading fast across forums despite zero evidence.,News,6/19/2023
Is Stanford University secretly working with aliens on elections? Whistleblower ,"Is Stanford University secretly working with aliens on elections? Whistleblower claims are spreading fast across forums despite zero evidence. Leaked documents allegedly prove the local school board rigged the artificial intelligence results, according to a viral post shared thousands of times on social media.",politics,8/25/2023
A miracle healthcare remedy discovered by a small-town grandmother is being supp,"A miracle healthcare remedy discovered by a small-town grandmother is being suppressed by Stanford University, sources close to the family claim. You won't believe what the state legislature is secretly hiding about housing — insiders reveal the shocking truth that the mainstream media refuses to report!!!",conspiracy,1/8/2023
Shocking video appears to show Stanford University officials admitting they fake,"Shocking video appears to show Stanford University officials admitting they faked the entire elections crisis to control the population. A miracle immigration remedy discovered by a small-town grandmother is being suppressed by Stanford University, sources close to the family claim.",News,11/22/2023
"Scientists HATE this one trick that cures education overnight, and the World Hea","Scientists HATE this one trick that cures education overnight, and the World Health Organization is desperately trying to ban it before everyone finds out. Leaked documents allegedly prove the state legislature rigged the housing results, according to a viral post shared thousands of times on social media.",politics,8/25/2023
This one weird education secret a major pharmaceutical company does NOT want you,"This one weird education secret a major pharmaceutical company does NOT want you to see — share before it gets deleted forever! A miracle public transit remedy discovered by a small-town grandmother is being suppressed by the Federal Reserve, sources close to the family claim.",News,5/27/2023
This one weird healthcare secret Google does NOT want you to see — share before ,This one weird healthcare secret Google does NOT want you to see — share before it gets deleted forever! Shocking video appears to show NASA officials admitting they faked the entire climate crisis to control the population.,News,7/28/2023
This one weird the economy secret City Hall does NOT want you to see — share bef,"This one weird the economy secret City Hall does NOT want you to see — share before it gets deleted forever! Leaked documents allegedly prove the Department of Transportation rigged the artificial intelligence results, according to a viral post shared thousands of times on social media.",News,11/11/2023
Shocking video appears to show the local school board officials admitting they f,Shocking video appears to show the local school board officials admitting they faked the entire healthcare crisis to control the population. This one weird the economy secret the local school board does NOT want you to see — share before it gets deleted forever!,conspiracy,1/5/2023
Shocking video appears to show the Federal Reserve officials admitting they fake,Shocking video appears to show the Federal Reserve officials admitting they faked the entire healthcare crisis to control the population. Shocking video appears to show City Hall officials admitting they faked the entire the economy crisis to control the population.,politics,2/26/2023
A miracle cybersecurity remedy discovered by a small-town grandmother is being s,"A miracle cybersecurity remedy discovered by a small-town grandmother is being suppressed by the state legislature, sources close to the family claim. Is NASA secretly working with aliens on housing? Whistleblower claims are spreading fast across forums despite zero evidence.",conspiracy,3/14/2023
"Scientists HATE this one trick that cures housing overnight, and the United Nati","Scientists HATE this one trick that cures housing overnight, and the United Nations is desperately trying to ban it before everyone finds out. Shocking video appears to show the Ministry of Health officials admitting they faked the entire renewable energy crisis to control the population.",politics,5/15/2023
This one weird vaccine secret Google does NOT want you to see — share before it ,This one weird vaccine secret Google does NOT want you to see — share before it gets deleted forever! Is the Federal Reserve secretly working with aliens on education? Whistleblower claims are spreading fast across forums despite zero evidence.,News,7/17/2023
Is the local school board secretly working with aliens on climate? Whistleblower,Is the local school board secretly working with aliens on climate? Whistleblower claims are spreading fast across forums despite zero evidence. This one weird vaccine secret a major pharmaceutical company does NOT want you to see — share before it gets deleted forever!,conspiracy,4/20/2023
This one weird housing secret City Hall does NOT want you to see — share before ,This one weird housing secret City Hall does NOT want you to see — share before it gets deleted forever! You won't believe what the United Nations is secretly hiding about the economy — insiders reveal the shocking truth that the mainstream media refuses to report!!!,conspiracy,1/19/2023
Is the local school board secretly working with aliens on education? Whistleblow,"Is the local school board secretly working with aliens on education? Whistleblower claims are spreading fast across forums despite zero evidence. Leaked documents allegedly prove Stanford University rigged the cybersecurity results, according to a viral post shared thousands of times on social media.",politics,7/27/2023
Leaked documents allegedly prove the Department of Transportation rigged the imm,"Leaked documents allegedly prove the Department of Transportation rigged the immigration results, according to a viral post shared thousands of times on social media. BREAKING: Anonymous sources claim the Ministry of Health is planning to control education using a secret education chip that doctors don't want you to know about.",News,2/21/2023
This one weird cybersecurity secret the World Health Organization does NOT want ,This one weird cybersecurity secret the World Health Organization does NOT want you to see — share before it gets deleted forever! Shocking video appears to show City Hall officials admitting they faked the entire education crisis to control the population.,left-news,2/13/2023
This one weird education secret Stanford University does NOT want you to see — s,"This one weird education secret Stanford University does NOT want you to see — share before it gets deleted forever! Leaked documents allegedly prove the World Health Organization rigged the the economy results, according to a viral post shared thousands of times on social media.",News,9/15/2023
"Scientists HATE this one trick that cures public transit overnight, and a major ","Scientists HATE this one trick that cures public transit overnight, and a major pharmaceutical company is desperately trying to ban it before everyone finds out. You won't believe what City Hall is secretly hiding about renewable energy — insiders reveal the shocking truth that the mainstream media refuses to report!!!",left-news,7/6/2023
You won't believe what the Department of Transportation is secretly hiding about,You won't believe what the Department of Transportation is secretly hiding about vaccine — insiders reveal the shocking truth that the mainstream media refuses to report!!! This one weird education secret the local school board does NOT want you to see — share before it gets deleted forever!,News,2/20/2023
"Leaked documents allegedly prove NASA rigged the vaccine results, according to a","Leaked documents allegedly prove NASA rigged the vaccine results, according to a viral post shared thousands of times on social media. A miracle immigration remedy discovered by a small-town grandmother is being suppressed by the Ministry of Health, sources close to the family claim.",conspiracy,4/10/2023
You won't believe what Google is secretly hiding about renewable energy — inside,You won't believe what Google is secretly hiding about renewable energy — insiders reveal the shocking truth that the mainstream media refuses to report!!! Shocking video appears to show the Department of Transportation officials admitting they faked the entire renewable energy crisis to control the population.,left-news,7/15/2023
Is Stanford University secretly working with aliens on education? Whistleblower ,"Is Stanford University secretly working with aliens on education? Whistleblower claims are spreading fast across forums despite zero evidence. A miracle the economy remedy discovered by a small-town grandmother is being suppressed by Stanford University, sources close to the family claim.",News,9/2/2023
You won't believe what the Department of Transportation is secretly hiding about,"You won't believe what the Department of Transportation is secretly hiding about cybersecurity — insiders reveal the shocking truth that the mainstream media refuses to report!!! Scientists HATE this one trick that cures healthcare overnight, and Google is desperately trying to ban it before everyone finds out.",left-news,7/15/2023
BREAKING: Anonymous sources claim a major pharmaceutical company is planning to ,BREAKING: Anonymous sources claim a major pharmaceutical company is planning to control climate using a secret climate chip that doctors don't want you to know about. You won't believe what the World Health Organization is secretly hiding about artificial intelligence — insiders reveal the shocking truth that the mainstream media refuses to report!!!,left-news,7/25/2023
Is NASA secretly working with aliens on education? Whistleblower claims are spre,Is NASA secretly working with aliens on education? Whistleblower claims are spreading fast across forums despite zero evidence. BREAKING: Anonymous sources claim Google is planning to control vaccine using a secret vaccine chip that doctors don't want you to know about.,left-news,2/5/2023
Leaked documents allegedly prove the United Nations rigged the cybersecurity res,"Leaked documents allegedly prove the United Nations rigged the cybersecurity results, according to a viral post shared thousands of times on social media. Scientists HATE this one trick that cures education overnight, and Google is desperately trying to ban it before everyone finds out.",politics,10/20/2023
A miracle public transit remedy discovered by a small-town grandmother is being ,"A miracle public transit remedy discovered by a small-town grandmother is being suppressed by the World Health Organization, sources close to the family claim. Is the local school board secretly working with aliens on healthcare? Whistleblower claims are spreading fast across forums despite zero evidence.",left-news,12/3/2023
BREAKING: Anonymous sources claim Google is planning to control renewable energy,BREAKING: Anonymous sources claim Google is planning to control renewable energy using a secret renewable energy chip that doctors don't want you to know about. Shocking video appears to show the Federal Reserve officials admitting they faked the entire cybersecurity crisis to control the population.,politics,2/10/2023
BREAKING: Anonymous sources claim the Ministry of Health is planning to control ,"BREAKING: Anonymous sources claim the Ministry of Health is planning to control education using a secret education chip that doctors don't want you to know about. Leaked documents allegedly prove NASA rigged the immigration results, according to a viral post shared thousands of times on social media.",conspiracy,4/9/2023
This one weird education secret the United Nations does NOT want you to see — sh,"This one weird education secret the United Nations does NOT want you to see — share before it gets deleted forever! Scientists HATE this one trick that cures elections overnight, and the local school board is desperately trying to ban it before everyone finds out.",conspiracy,9/6/2023
You won't believe what the Federal Reserve is secretly hiding about vaccine — in,You won't believe what the Federal Reserve is secretly hiding about vaccine — insiders reveal the shocking truth that the mainstream media refuses to report!!! This one weird cybersecurity secret a major pharmaceutical company does NOT want you to see — share before it gets deleted forever!,conspiracy,7/4/2023
Leaked documents allegedly prove the Department of Transportation rigged the hou,"Leaked documents allegedly prove the Department of Transportation rigged the housing results, according to a viral post shared thousands of times on social media. BREAKING: Anonymous sources claim the World Health Organization is planning to control public transit using a secret public transit chip that doctors don't want you to know about.",politics,3/19/2023
Is the Federal Reserve secretly working with aliens on public transit? Whistlebl,Is the Federal Reserve secretly working with aliens on public transit? Whistleblower claims are spreading fast across forums despite zero evidence. This one weird immigration secret the local school board does NOT want you to see — share before it gets deleted forever!,conspiracy,12/5/2023
BREAKING: Anonymous sources claim the World Health Organization is planning to c,BREAKING: Anonymous sources claim the World Health Organization is planning to control housing using a secret housing chip that doctors don't want you to know about. Is City Hall secretly working with aliens on education? Whistleblower claims are spreading fast across forums despite zero evidence.,conspiracy,11/22/2023
Is the local school board secretly working with aliens on public transit? Whistl,Is the local school board secretly working with aliens on public transit? Whistleblower claims are spreading fast across forums despite zero evidence. Shocking video appears to show City Hall officials admitting they faked the entire climate crisis to control the population.,News,4/16/2023
Is a major pharmaceutical company secretly working with aliens on vaccine? Whist,"Is a major pharmaceutical company secretly working with aliens on vaccine? Whistleblower claims are spreading fast across forums despite zero evidence. Scientists HATE this one trick that cures healthcare overnight, and Stanford University is desperately trying to ban it before everyone finds out.",politics,12/28/2023
Shocking video appears to show the World Health Organization officials admitting,Shocking video appears to show the World Health Organization officials admitting they faked the entire artificial intelligence crisis to control the population. BREAKING: Anonymous sources claim Stanford University is planning to control elections using a secret elections chip that doctors don't want you to know about.,left-news,2/19/2023
A miracle healthcare remedy discovered by a small-town grandmother is being supp,"A miracle healthcare remedy discovered by a small-town grandmother is being suppressed by Stanford University, sources close to the family claim. You won't believe what NASA is secretly hiding about healthcare — insiders reveal the shocking truth that the mainstream media refuses to report!!!",left-news,12/20/2023
"Leaked documents allegedly prove NASA rigged the the economy results, according ","Leaked documents allegedly prove NASA rigged the the economy results, according to a viral post shared thousands of times on social media. A miracle elections remedy discovered by a small-town grandmother is being suppressed by the state legislature, sources close to the family claim.",conspiracy,5/9/2023
Leaked documents allegedly prove the state legislature rigged the vaccine result,"Leaked documents allegedly prove the state legislature rigged the vaccine results, according to a viral post shared thousands of times on social media. You won't believe what the Federal Reserve is secretly hiding about artificial intelligence — insiders reveal the shocking truth that the mainstream media refuses to report!!!",politics,8/18/2023
This one weird healthcare secret the World Health Organization does NOT want you,This one weird healthcare secret the World Health Organization does NOT want you to see — share before it gets deleted forever! Is the state legislature secretly working with aliens on climate? Whistleblower claims are spreading fast across forums despite zero evidence.,conspiracy,11/10/2023
A miracle vaccine remedy discovered by a small-town grandmother is being suppres,"A miracle vaccine remedy discovered by a small-town grandmother is being suppressed by NASA, sources close to the family claim. This one weird artificial intelligence secret a major pharmaceutical company does NOT want you to see — share before it gets deleted forever!",politics,6/27/2023
You won't believe what a major pharmaceutical company is secretly hiding about t,"You won't believe what a major pharmaceutical company is secretly hiding about the economy — insiders reveal the shocking truth that the mainstream media refuses to report!!! A miracle climate remedy discovered by a small-town grandmother is being suppressed by the Department of Transportation, sources close to the family claim.",left-news,5/11/2023
You won't believe what City Hall is secretly hiding about housing — insiders rev,"You won't believe what City Hall is secretly hiding about housing — insiders reveal the shocking truth that the mainstream media refuses to report!!! Leaked documents allegedly prove the Ministry of Health rigged the housing results, according to a viral post shared thousands of times on social media.",left-news,8/1/2023
Leaked documents allegedly prove the World Health Organization rigged the the ec,"Leaked documents allegedly prove the World Health Organization rigged the the economy results, according to a viral post shared thousands of times on social media. BREAKING: Anonymous sources claim the local school board is planning to control education using a secret education chip that doctors don't want you to know about.",conspiracy,10/14/2023
BREAKING: Anonymous sources claim Stanford University is planning to control imm,BREAKING: Anonymous sources claim Stanford University is planning to control immigration using a secret immigration chip that doctors don't want you to know about. BREAKING: Anonymous sources claim the state legislature is planning to control healthcare using a secret healthcare chip that doctors don't want you to know about.,politics,6/6/2023
Is a major pharmaceutical company secretly working with aliens on public transit,Is a major pharmaceutical company secretly working with aliens on public transit? Whistleblower claims are spreading fast across forums despite zero evidence. You won't believe what a major pharmaceutical company is secretly hiding about housing — insiders reveal the shocking truth that the mainstream media refuses to report!!!,politics,2/22/2023
BREAKING: Anonymous sources claim Google is planning to control housing using a ,BREAKING: Anonymous sources claim Google is planning to control housing using a secret housing chip that doctors don't want you to know about. This one weird education secret the Department of Transportation does NOT want you to see — share before it gets deleted forever!,left-news,6/1/2023
This one weird artificial intelligence secret a major pharmaceutical company doe,This one weird artificial intelligence secret a major pharmaceutical company does NOT want you to see — share before it gets deleted forever! You won't believe what the World Health Organization is secretly hiding about renewable energy — insiders reveal the shocking truth that the mainstream media refuses to report!!!,politics,9/13/2023
Leaked documents allegedly prove the Federal Reserve rigged the immigration resu,"Leaked documents allegedly prove the Federal Reserve rigged the immigration results, according to a viral post shared thousands of times on social media. You won't believe what the state legislature is secretly hiding about education — insiders reveal the shocking truth that the mainstream media refuses to report!!!",left-news,8/9/2023
Shocking video appears to show the Ministry of Health officials admitting they f,Shocking video appears to show the Ministry of Health officials admitting they faked the entire artificial intelligence crisis to control the population. You won't believe what the United Nations is secretly hiding about public transit — insiders reveal the shocking truth that the mainstream media refuses to report!!!,News,10/23/2023
Shocking video appears to show NASA officials admitting they faked the entire ar,Shocking video appears to show NASA officials admitting they faked the entire artificial intelligence crisis to control the population. BREAKING: Anonymous sources claim the state legislature is planning to control renewable energy using a secret renewable energy chip that doctors don't want you to know about.,politics,10/15/2023
Is NASA secretly working with aliens on public transit? Whistleblower claims are,Is NASA secretly working with aliens on public transit? Whistleblower claims are spreading fast across forums despite zero evidence. You won't believe what the local school board is secretly hiding about cybersecurity — insiders reveal the shocking truth that the mainstream media refuses to report!!!,left-news,3/3/2023
"Leaked documents allegedly prove City Hall rigged the climate results, according","Leaked documents allegedly prove City Hall rigged the climate results, according to a viral post shared thousands of times on social media. Shocking video appears to show a major pharmaceutical company officials admitting they faked the entire housing crisis to control the population.",left-news,8/23/2023
Leaked documents allegedly prove Stanford University rigged the cybersecurity re,"Leaked documents allegedly prove Stanford University rigged the cybersecurity results, according to a viral post shared thousands of times on social media. Leaked documents allegedly prove City Hall rigged the the economy results, according to a viral post shared thousands of times on social media.",News,12/24/2023
"Scientists HATE this one trick that cures artificial intelligence overnight, and","Scientists HATE this one trick that cures artificial intelligence overnight, and the local school board is desperately trying to ban it before everyone finds out. Is the state legislature secretly working with aliens on vaccine? Whistleblower claims are spreading fast across forums despite zero evidence.",politics,10/16/2023
A miracle cybersecurity remedy discovered by a small-town grandmother is being s,"A miracle cybersecurity remedy discovered by a small-town grandmother is being suppressed by a major pharmaceutical company, sources close to the family claim. Is the World Health Organization secretly working with aliens on cybersecurity? Whistleblower claims are spreading fast across forums despite zero evidence.",politics,6/8/2023
You won't believe what Google is secretly hiding about housing — insiders reveal,"You won't believe what Google is secretly hiding about housing — insiders reveal the shocking truth that the mainstream media refuses to report!!! Leaked documents allegedly prove the state legislature rigged the artificial intelligence results, according to a viral post shared thousands of times on social media.",left-news,11/26/2023
Leaked documents allegedly prove City Hall rigged the artificial intelligence re,"Leaked documents allegedly prove City Hall rigged the artificial intelligence results, according to a viral post shared thousands of times on social media. This one weird housing secret the Ministry of Health does NOT want you to see — share before it gets deleted forever!",conspiracy,12/19/2023
Shocking video appears to show City Hall officials admitting they faked the enti,"Shocking video appears to show City Hall officials admitting they faked the entire cybersecurity crisis to control the population. A miracle education remedy discovered by a small-town grandmother is being suppressed by the Ministry of Health, sources close to the family claim.",left-news,7/26/2023
This one weird housing secret Google does NOT want you to see — share before it ,This one weird housing secret Google does NOT want you to see — share before it gets deleted forever! Shocking video appears to show City Hall officials admitting they faked the entire immigration crisis to control the population.,politics,4/21/2023
Shocking video appears to show the Department of Transportation officials admitt,Shocking video appears to show the Department of Transportation officials admitting they faked the entire artificial intelligence crisis to control the population. Shocking video appears to show the state legislature officials admitting they faked the entire housing crisis to control the population.,politics,2/12/2023
BREAKING: Anonymous sources claim NASA is planning to control vaccine using a se,BREAKING: Anonymous sources claim NASA is planning to control vaccine using a secret vaccine chip that doctors don't want you to know about. This one weird climate secret the state legislature does NOT want you to see — share before it gets deleted forever!,conspiracy,11/21/2023
Shocking video appears to show NASA officials admitting they faked the entire pu,Shocking video appears to show NASA officials admitting they faked the entire public transit crisis to control the population. You won't believe what the Ministry of Health is secretly hiding about elections — insiders reveal the shocking truth that the mainstream media refuses to report!!!,left-news,8/13/2023
You won't believe what the United Nations is secretly hiding about housing — ins,"You won't believe what the United Nations is secretly hiding about housing — insiders reveal the shocking truth that the mainstream media refuses to report!!! A miracle public transit remedy discovered by a small-town grandmother is being suppressed by the Federal Reserve, sources close to the family claim.",News,9/15/2023
Shocking video appears to show City Hall officials admitting they faked the enti,"Shocking video appears to show City Hall officials admitting they faked the entire housing crisis to control the population. Leaked documents allegedly prove City Hall rigged the elections results, according to a viral post shared thousands of times on social media.",News,3/21/2023
This one weird education secret the Ministry of Health does NOT want you to see ,This one weird education secret the Ministry of Health does NOT want you to see — share before it gets deleted forever! Is the local school board secretly working with aliens on cybersecurity? Whistleblower claims are spreading fast across forums despite zero evidence.,politics,6/2/2023
Shocking video appears to show the United Nations officials admitting they faked,Shocking video appears to show the United Nations officials admitting they faked the entire cybersecurity crisis to control the population. BREAKING: Anonymous sources claim a major pharmaceutical company is planning to control vaccine using a secret vaccine chip that doctors don't want you to know about.,politics,3/8/2023
"Scientists HATE this one trick that cures public transit overnight, and the Mini","Scientists HATE this one trick that cures public transit overnight, and the Ministry of Health is desperately trying to ban it before everyone finds out. You won't believe what the United Nations is secretly hiding about education — insiders reveal the shocking truth that the mainstream media refuses to report!!!",left-news,2/7/2023
Is NASA secretly working with aliens on education? Whistleblower claims are spre,Is NASA secretly working with aliens on education? Whistleblower claims are spreading fast across forums despite zero evidence. You won't believe what a major pharmaceutical company is secretly hiding about cybersecurity — insiders reveal the shocking truth that the mainstream media refuses to report!!!,left-news,1/23/2023
You won't believe what NASA is secretly hiding about immigration — insiders reve,You won't believe what NASA is secretly hiding about immigration — insiders reveal the shocking truth that the mainstream media refuses to report!!! Shocking video appears to show Stanford University officials admitting they faked the entire cybersecurity crisis to control the population.,politics,5/10/2023
"Scientists HATE this one trick that cures housing overnight, and the state legis","Scientists HATE this one trick that cures housing overnight, and the state legislature is desperately trying to ban it before everyone finds out. Is NASA secretly working with aliens on housing? Whistleblower claims are spreading fast across forums despite zero evidence.",conspiracy,10/6/2023
Shocking video appears to show the Federal Reserve officials admitting they fake,Shocking video appears to show the Federal Reserve officials admitting they faked the entire housing crisis to control the population. BREAKING: Anonymous sources claim a major pharmaceutical company is planning to control vaccine using a secret vaccine chip that doctors don't want you to know about.,conspiracy,6/25/2023
Shocking video appears to show the Federal Reserve officials admitting they fake,"Shocking video appears to show the Federal Reserve officials admitting they faked the entire vaccine crisis to control the population. Leaked documents allegedly prove the United Nations rigged the vaccine results, according to a viral post shared thousands of times on social media.",conspiracy,4/27/2023
You won't believe what a major pharmaceutical company is secretly hiding about p,You won't believe what a major pharmaceutical company is secretly hiding about public transit — insiders reveal the shocking truth that the mainstream media refuses to report!!! This one weird elections secret the local school board does NOT want you to see — share before it gets deleted forever!,left-news,4/9/2023
Is NASA secretly working with aliens on renewable energy? Whistleblower claims a,"Is NASA secretly working with aliens on renewable energy? Whistleblower claims are spreading fast across forums despite zero evidence. A miracle vaccine remedy discovered by a small-town grandmother is being suppressed by the state legislature, sources close to the family claim.",News,8/24/2023
This one weird public transit secret Google does NOT want you to see — share bef,This one weird public transit secret Google does NOT want you to see — share before it gets deleted forever! Is Google secretly working with aliens on healthcare? Whistleblower claims are spreading fast across forums despite zero evidence.,left-news,12/19/2023
Is a major pharmaceutical company secretly working with aliens on healthcare? Wh,Is a major pharmaceutical company secretly working with aliens on healthcare? Whistleblower claims are spreading fast across forums despite zero evidence. Shocking video appears to show the state legislature officials admitting they faked the entire immigration crisis to control the population.,left-news,9/15/2023
You won't believe what a major pharmaceutical company is secretly hiding about e,You won't believe what a major pharmaceutical company is secretly hiding about education — insiders reveal the shocking truth that the mainstream media refuses to report!!! Is Stanford University secretly working with aliens on housing? Whistleblower claims are spreading fast across forums despite zero evidence.,politics,7/8/2023
You won't believe what the World Health Organization is secretly hiding about cl,You won't believe what the World Health Organization is secretly hiding about climate — insiders reveal the shocking truth that the mainstream media refuses to report!!! You won't believe what the Federal Reserve is secretly hiding about healthcare — insiders reveal the shocking truth that the mainstream media refuses to report!!!,News,6/3/2023
BREAKING: Anonymous sources claim a major pharmaceutical company is planning to ,BREAKING: Anonymous sources claim a major pharmaceutical company is planning to control immigration using a secret immigration chip that doctors don't want you to know about. BREAKING: Anonymous sources claim Stanford University is planning to control the economy using a secret the economy chip that doctors don't want you to know about.,left-news,10/4/2023
BREAKING: Anonymous sources claim the World Health Organization is planning to c,"BREAKING: Anonymous sources claim the World Health Organization is planning to control the economy using a secret the economy chip that doctors don't want you to know about. A miracle education remedy discovered by a small-town grandmother is being suppressed by City Hall, sources close to the family claim.",left-news,6/24/2023
A miracle healthcare remedy discovered by a small-town grandmother is being supp,"A miracle healthcare remedy discovered by a small-town grandmother is being suppressed by City Hall, sources close to the family claim. Shocking video appears to show the local school board officials admitting they faked the entire public transit crisis to control the population.",conspiracy,2/2/2023
Is the local school board secretly working with aliens on elections? Whistleblow,Is the local school board secretly working with aliens on elections? Whistleblower claims are spreading fast across forums despite zero evidence. BREAKING: Anonymous sources claim Google is planning to control elections using a secret elections chip that doctors don't want you to know about.,politics,12/4/2023
A miracle renewable energy remedy discovered by a small-town grandmother is bein,"A miracle renewable energy remedy discovered by a small-town grandmother is being suppressed by the United Nations, sources close to the family claim. This one weird climate secret NASA does NOT want you to see — share before it gets deleted forever!",left-news,9/17/2023
BREAKING: Anonymous sources claim the United Nations is planning to control immi,BREAKING: Anonymous sources claim the United Nations is planning to control immigration using a secret immigration chip that doctors don't want you to know about. Is NASA secretly working with aliens on healthcare? Whistleblower claims are spreading fast across forums despite zero evidence.,conspiracy,3/2/2023
"Scientists HATE this one trick that cures the economy overnight, and the World H","Scientists HATE this one trick that cures the economy overnight, and the World Health Organization is desperately trying to ban it before everyone finds out. Leaked documents allegedly prove the Federal Reserve rigged the healthcare results, according to a viral post shared thousands of times on social media.",conspiracy,6/12/2023
Shocking video appears to show the Department of Transportation officials admitt,"Shocking video appears to show the Department of Transportation officials admitting they faked the entire artificial intelligence crisis to control the population. Leaked documents allegedly prove the Federal Reserve rigged the cybersecurity results, according to a viral post shared thousands of times on social media.",News,5/6/2023
A miracle housing remedy discovered by a small-town grandmother is being suppres,"A miracle housing remedy discovered by a small-town grandmother is being suppressed by the state legislature, sources close to the family claim. You won't believe what the Department of Transportation is secretly hiding about renewable energy — insiders reveal the shocking truth that the mainstream media refuses to report!!!",left-news,4/17/2023
Shocking video appears to show the United Nations officials admitting they faked,"Shocking video appears to show the United Nations officials admitting they faked the entire artificial intelligence crisis to control the population. Leaked documents allegedly prove the World Health Organization rigged the vaccine results, according to a viral post shared thousands of times on social media.",conspiracy,12/1/2023
This one weird cybersecurity secret the World Health Organization does NOT want ,"This one weird cybersecurity secret the World Health Organization does NOT want you to see — share before it gets deleted forever! Leaked documents allegedly prove the Federal Reserve rigged the climate results, according to a viral post shared thousands of times on social media.",conspiracy,8/28/2023
You won't believe what the Federal Reserve is secretly hiding about cybersecurit,You won't believe what the Federal Reserve is secretly hiding about cybersecurity — insiders reveal the shocking truth that the mainstream media refuses to report!!! Is Stanford University secretly working with aliens on vaccine? Whistleblower claims are spreading fast across forums despite zero evidence.,politics,2/24/2023
A miracle cybersecurity remedy discovered by a small-town grandmother is being s,"A miracle cybersecurity remedy discovered by a small-town grandmother is being suppressed by Google, sources close to the family claim. Scientists HATE this one trick that cures housing overnight, and the local school board is desperately trying to ban it before everyone finds out.",conspiracy,2/5/2023
You won't believe what the Federal Reserve is secretly hiding about cybersecurit,"You won't believe what the Federal Reserve is secretly hiding about cybersecurity — insiders reveal the shocking truth that the mainstream media refuses to report!!! A miracle education remedy discovered by a small-town grandmother is being suppressed by the Department of Transportation, sources close to the family claim.",left-news,10/22/2023
"Leaked documents allegedly prove City Hall rigged the renewable energy results, ","Leaked documents allegedly prove City Hall rigged the renewable energy results, according to a viral post shared thousands of times on social media. Shocking video appears to show NASA officials admitting they faked the entire housing crisis to control the population.",conspiracy,10/8/2023
A miracle healthcare remedy discovered by a small-town grandmother is being supp,"A miracle healthcare remedy discovered by a small-town grandmother is being suppressed by the Department of Transportation, sources close to the family claim. This one weird climate secret the state legislature does NOT want you to see — share before it gets deleted forever!",left-news,10/24/2023
Shocking video appears to show City Hall officials admitting they faked the enti,Shocking video appears to show City Hall officials admitting they faked the entire artificial intelligence crisis to control the population. Shocking video appears to show the Federal Reserve officials admitting they faked the entire cybersecurity crisis to control the population.,conspiracy,4/11/2023
BREAKING: Anonymous sources claim the local school board is planning to control ,"BREAKING: Anonymous sources claim the local school board is planning to control the economy using a secret the economy chip that doctors don't want you to know about. Leaked documents allegedly prove the local school board rigged the renewable energy results, according to a viral post shared thousands of times on social media.",News,4/18/2023
Is NASA secretly working with aliens on education? Whistleblower claims are spre,Is NASA secretly working with aliens on education? Whistleblower claims are spreading fast across forums despite zero evidence. BREAKING: Anonymous sources claim the state legislature is planning to control housing using a secret housing chip that doctors don't want you to know about.,conspiracy,3/28/2023
BREAKING: Anonymous sources claim NASA is planning to control elections using a ,BREAKING: Anonymous sources claim NASA is planning to control elections using a secret elections chip that doctors don't want you to know about. Is the Federal Reserve secretly working with aliens on housing? Whistleblower claims are spreading fast across forums despite zero evidence.,left-news,9/23/2023
You won't believe what Google is secretly hiding about renewable energy — inside,You won't believe what Google is secretly hiding about renewable energy — insiders reveal the shocking truth that the mainstream media refuses to report!!! This one weird renewable energy secret the Federal Reserve does NOT want you to see — share before it gets deleted forever!,left-news,1/12/2023
"Scientists HATE this one trick that cures cybersecurity overnight, and the Feder","Scientists HATE this one trick that cures cybersecurity overnight, and the Federal Reserve is desperately trying to ban it before everyone finds out. Scientists HATE this one trick that cures healthcare overnight, and the Department of Transportation is desperately trying to ban it before everyone finds out.",politics,10/6/2023
You won't believe what the United Nations is secretly hiding about the economy —,You won't believe what the United Nations is secretly hiding about the economy — insiders reveal the shocking truth that the mainstream media refuses to report!!! Shocking video appears to show the state legislature officials admitting they faked the entire cybersecurity crisis to control the population.,left-news,9/25/2023
You won't believe what Stanford University is secretly hiding about the economy ,You won't believe what Stanford University is secretly hiding about the economy — insiders reveal the shocking truth that the mainstream media refuses to report!!! Shocking video appears to show Stanford University officials admitting they faked the entire climate crisis to control the population.,News,6/3/2023
Shocking video appears to show the state legislature officials admitting they fa,Shocking video appears to show the state legislature officials admitting they faked the entire elections crisis to control the population. Is the Department of Transportation secretly working with aliens on vaccine? Whistleblower claims are spreading fast across forums despite zero evidence.,left-news,6/9/2023
This one weird renewable energy secret the local school board does NOT want you ,"This one weird renewable energy secret the local school board does NOT want you to see — share before it gets deleted forever! Leaked documents allegedly prove the United Nations rigged the immigration results, according to a viral post shared thousands of times on social media.",conspiracy,5/10/2023
Leaked documents allegedly prove the United Nations rigged the public transit re,"Leaked documents allegedly prove the United Nations rigged the public transit results, according to a viral post shared thousands of times on social media. BREAKING: Anonymous sources claim the state legislature is planning to control elections using a secret elections chip that doctors don't want you to know about.",conspiracy,11/21/2023
This one weird housing secret Google does NOT want you to see — share before it ,This one weird housing secret Google does NOT want you to see — share before it gets deleted forever! BREAKING: Anonymous sources claim the local school board is planning to control cybersecurity using a secret cybersecurity chip that doctors don't want you to know about.,left-news,12/13/2023
You won't believe what the Department of Transportation is secretly hiding about,You won't believe what the Department of Transportation is secretly hiding about artificial intelligence — insiders reveal the shocking truth that the mainstream media refuses to report!!! This one weird cybersecurity secret the Ministry of Health does NOT want you to see — share before it gets deleted forever!,conspiracy,12/21/2023
Is the local school board secretly working with aliens on healthcare? Whistleblo,Is the local school board secretly working with aliens on healthcare? Whistleblower claims are spreading fast across forums despite zero evidence. BREAKING: Anonymous sources claim Google is planning to control vaccine using a secret vaccine chip that doctors don't want you to know about.,politics,3/1/2023
"Scientists HATE this one trick that cures the economy overnight, and City Hall i","Scientists HATE this one trick that cures the economy overnight, and City Hall is desperately trying to ban it before everyone finds out. BREAKING: Anonymous sources claim a major pharmaceutical company is planning to control healthcare using a secret healthcare chip that doctors don't want you to know about.",politics,8/6/2023
"Leaked documents allegedly prove City Hall rigged the the economy results, accor","Leaked documents allegedly prove City Hall rigged the the economy results, according to a viral post shared thousands of times on social media. A miracle healthcare remedy discovered by a small-town grandmother is being suppressed by the Federal Reserve, sources close to the family claim.",conspiracy,4/20/2023
A miracle vaccine remedy discovered by a small-town grandmother is being suppres,"A miracle vaccine remedy discovered by a small-town grandmother is being suppressed by the Federal Reserve, sources close to the family claim. Leaked documents allegedly prove the United Nations rigged the the economy results, according to a viral post shared thousands of times on social media.",News,7/2/2023
You won't believe what the state legislature is secretly hiding about immigratio,You won't believe what the state legislature is secretly hiding about immigration — insiders reveal the shocking truth that the mainstream media refuses to report!!! Is the World Health Organization secretly working with aliens on artificial intelligence? Whistleblower claims are spreading fast across forums despite zero evidence.,conspiracy,11/3/2023
Leaked documents allegedly prove a major pharmaceutical company rigged the healt,"Leaked documents allegedly prove a major pharmaceutical company rigged the healthcare results, according to a viral post shared thousands of times on social media. Is Stanford University secretly working with aliens on climate? Whistleblower claims are spreading fast across forums despite zero evidence.",left-news,8/20/2023
You won't believe what Stanford University is secretly hiding about public trans,You won't believe what Stanford University is secretly hiding about public transit — insiders reveal the shocking truth that the mainstream media refuses to report!!! Shocking video appears to show the Federal Reserve officials admitting they faked the entire healthcare crisis to control the population.,politics,8/10/2023
"Scientists HATE this one trick that cures renewable energy overnight, and the Wo","Scientists HATE this one trick that cures renewable energy overnight, and the World Health Organization is desperately trying to ban it before everyone finds out. You won't believe what the Ministry of Health is secretly hiding about artificial intelligence — insiders reveal the shocking truth that the mainstream media refuses to report!!!",conspiracy,8/11/2023
Shocking video appears to show the Department of Transportation officials admitt,"Shocking video appears to show the Department of Transportation officials admitting they faked the entire public transit crisis to control the population. Leaked documents allegedly prove the United Nations rigged the cybersecurity results, according to a viral post shared thousands of times on social media.",conspiracy,8/11/2023
Is City Hall secretly working with aliens on public transit? Whistleblower claim,"Is City Hall secretly working with aliens on public transit? Whistleblower claims are spreading fast across forums despite zero evidence. A miracle housing remedy discovered by a small-town grandmother is being suppressed by Google, sources close to the family claim.",politics,5/18/2023
You won't believe what Google is secretly hiding about vaccine — insiders reveal,You won't believe what Google is secretly hiding about vaccine — insiders reveal the shocking truth that the mainstream media refuses to report!!! This one weird healthcare secret City Hall does NOT want you to see — share before it gets deleted forever!,left-news,3/2/2023
A miracle cybersecurity remedy discovered by a small-town grandmother is being s,"A miracle cybersecurity remedy discovered by a small-town grandmother is being suppressed by Google, sources close to the family claim. This one weird artificial intelligence secret NASA does NOT want you to see — share before it gets deleted forever!",News,2/27/2023
"Scientists HATE this one trick that cures education overnight, and the Federal R","Scientists HATE this one trick that cures education overnight, and the Federal Reserve is desperately trying to ban it before everyone finds out. Leaked documents allegedly prove Google rigged the climate results, according to a viral post shared thousands of times on social media.",News,10/7/2023
You won't believe what City Hall is secretly hiding about healthcare — insiders ,You won't believe what City Hall is secretly hiding about healthcare — insiders reveal the shocking truth that the mainstream media refuses to report!!! BREAKING: Anonymous sources claim the World Health Organization is planning to control artificial intelligence using a secret artificial intelligence chip that doctors don't want you to know about.,conspiracy,8/25/2023
Is the Federal Reserve secretly working with aliens on healthcare? Whistleblower,Is the Federal Reserve secretly working with aliens on healthcare? Whistleblower claims are spreading fast across forums despite zero evidence. This one weird immigration secret a major pharmaceutical company does NOT want you to see — share before it gets deleted forever!,conspiracy,6/7/2023
This one weird renewable energy secret the state legislature does NOT want you t,"This one weird renewable energy secret the state legislature does NOT want you to see — share before it gets deleted forever! Scientists HATE this one trick that cures housing overnight, and NASA is desperately trying to ban it before everyone finds out.",politics,8/17/2023
Is the state legislature secretly working with aliens on healthcare? Whistleblow,Is the state legislature secretly working with aliens on healthcare? Whistleblower claims are spreading fast across forums despite zero evidence. You won't believe what NASA is secretly hiding about vaccine — insiders reveal the shocking truth that the mainstream media refuses to report!!!,left-news,6/26/2023
A miracle the economy remedy discovered by a small-town grandmother is being sup,"A miracle the economy remedy discovered by a small-town grandmother is being suppressed by the Department of Transportation, sources close to the family claim. You won't believe what the local school board is secretly hiding about public transit — insiders reveal the shocking truth that the mainstream media refuses to report!!!",left-news,3/20/2023
This one weird renewable energy secret NASA does NOT want you to see — share bef,"This one weird renewable energy secret NASA does NOT want you to see — share before it gets deleted forever! A miracle public transit remedy discovered by a small-town grandmother is being suppressed by the Federal Reserve, sources close to the family claim.",conspiracy,11/27/2023
Is Stanford University secretly working with aliens on vaccine? Whistleblower cl,"Is Stanford University secretly working with aliens on vaccine? Whistleblower claims are spreading fast across forums despite zero evidence. Leaked documents allegedly prove Stanford University rigged the the economy results, according to a viral post shared thousands of times on social media.",left-news,11/18/2023
BREAKING: Anonymous sources claim a major pharmaceutical company is planning to ,"BREAKING: Anonymous sources claim a major pharmaceutical company is planning to control immigration using a secret immigration chip that doctors don't want you to know about. A miracle housing remedy discovered by a small-town grandmother is being suppressed by the local school board, sources close to the family claim.",left-news,10/2/2023
You won't believe what City Hall is secretly hiding about immigration — insiders,"You won't believe what City Hall is secretly hiding about immigration — insiders reveal the shocking truth that the mainstream media refuses to report!!! Leaked documents allegedly prove the state legislature rigged the public transit results, according to a viral post shared thousands of times on social media.",left-news,11/14/2023
"Scientists HATE this one trick that cures the economy overnight, and the Ministr","Scientists HATE this one trick that cures the economy overnight, and the Ministry of Health is desperately trying to ban it before everyone finds out. Scientists HATE this one trick that cures cybersecurity overnight, and the Federal Reserve is desperately trying to ban it before everyone finds out.",left-news,5/7/2023
"Scientists HATE this one trick that cures artificial intelligence overnight, and","Scientists HATE this one trick that cures artificial intelligence overnight, and Google is desperately trying to ban it before everyone finds out. This one weird the economy secret the Ministry of Health does NOT want you to see — share before it gets deleted forever!",conspiracy,10/7/2023
Is the Ministry of Health secretly working with aliens on renewable energy? Whis,"Is the Ministry of Health secretly working with aliens on renewable energy? Whistleblower claims are spreading fast across forums despite zero evidence. A miracle the economy remedy discovered by a small-town grandmother is being suppressed by the Federal Reserve, sources close to the family claim.",conspiracy,9/2/2023
Is Stanford University secretly working with aliens on vaccine? Whistleblower cl,Is Stanford University secretly working with aliens on vaccine? Whistleblower claims are spreading fast across forums despite zero evidence. This one weird cybersecurity secret the World Health Organization does NOT want you to see — share before it gets deleted forever!,politics,7/4/2023
"Leaked documents allegedly prove the United Nations rigged the climate results, ","Leaked documents allegedly prove the United Nations rigged the climate results, according to a viral post shared thousands of times on social media. BREAKING: Anonymous sources claim the local school board is planning to control climate using a secret climate chip that doctors don't want you to know about.",politics,12/22/2023
Shocking video appears to show the World Health Organization officials admitting,"Shocking video appears to show the World Health Organization officials admitting they faked the entire renewable energy crisis to control the population. Scientists HATE this one trick that cures vaccine overnight, and Google is desperately trying to ban it before everyone finds out.",politics,8/13/2023
BREAKING: Anonymous sources claim Stanford University is planning to control the,"BREAKING: Anonymous sources claim Stanford University is planning to control the economy using a secret the economy chip that doctors don't want you to know about. Leaked documents allegedly prove a major pharmaceutical company rigged the public transit results, according to a viral post shared thousands of times on social media.",left-news,6/9/2023
Shocking video appears to show the Ministry of Health officials admitting they f,Shocking video appears to show the Ministry of Health officials admitting they faked the entire healthcare crisis to control the population. This one weird elections secret the state legislature does NOT want you to see — share before it gets deleted forever!,conspiracy,3/1/2023
This one weird the economy secret the state legislature does NOT want you to see,This one weird the economy secret the state legislature does NOT want you to see — share before it gets deleted forever! Is the Department of Transportation secretly working with aliens on artificial intelligence? Whistleblower claims are spreading fast across forums despite zero evidence.,politics,8/17/2023
Leaked documents allegedly prove the state legislature rigged the artificial int,"Leaked documents allegedly prove the state legislature rigged the artificial intelligence results, according to a viral post shared thousands of times on social media. This one weird vaccine secret the World Health Organization does NOT want you to see — share before it gets deleted forever!",conspiracy,3/7/2023
Is Google secretly working with aliens on housing? Whistleblower claims are spre,Is Google secretly working with aliens on housing? Whistleblower claims are spreading fast across forums despite zero evidence. You won't believe what a major pharmaceutical company is secretly hiding about vaccine — insiders reveal the shocking truth that the mainstream media refuses to report!!!,News,9/2/2023
Is the Department of Transportation secretly working with aliens on renewable en,Is the Department of Transportation secretly working with aliens on renewable energy? Whistleblower claims are spreading fast across forums despite zero evidence. Is the local school board secretly working with aliens on immigration? Whistleblower claims are spreading fast across forums despite zero evidence.,left-news,1/15/2023
Shocking video appears to show City Hall officials admitting they faked the enti,Shocking video appears to show City Hall officials admitting they faked the entire elections crisis to control the population. This one weird renewable energy secret the Ministry of Health does NOT want you to see — share before it gets deleted forever!,conspiracy,9/18/2023
BREAKING: Anonymous sources claim the Department of Transportation is planning t,"BREAKING: Anonymous sources claim the Department of Transportation is planning to control immigration using a secret immigration chip that doctors don't want you to know about. Leaked documents allegedly prove the local school board rigged the vaccine results, according to a viral post shared thousands of times on social media.",News,3/23/2023
This one weird the economy secret City Hall does NOT want you to see — share bef,"This one weird the economy secret City Hall does NOT want you to see — share before it gets deleted forever! Scientists HATE this one trick that cures cybersecurity overnight, and City Hall is desperately trying to ban it before everyone finds out.",politics,2/4/2023
This one weird healthcare secret the Department of Transportation does NOT want ,This one weird healthcare secret the Department of Transportation does NOT want you to see — share before it gets deleted forever! This one weird public transit secret the local school board does NOT want you to see — share before it gets deleted forever!,left-news,2/26/2023
You won't believe what the United Nations is secretly hiding about cybersecurity,You won't believe what the United Nations is secretly hiding about cybersecurity — insiders reveal the shocking truth that the mainstream media refuses to report!!! Shocking video appears to show the Federal Reserve officials admitting they faked the entire renewable energy crisis to control the population.,conspiracy,7/1/2023
You won't believe what Stanford University is secretly hiding about public trans,You won't believe what Stanford University is secretly hiding about public transit — insiders reveal the shocking truth that the mainstream media refuses to report!!! BREAKING: Anonymous sources claim the Department of Transportation is planning to control renewable energy using a secret renewable energy chip that doctors don't want you to know about.,politics,9/14/2023
"Scientists HATE this one trick that cures cybersecurity overnight, and the local","Scientists HATE this one trick that cures cybersecurity overnight, and the local school board is desperately trying to ban it before everyone finds out. This one weird vaccine secret the United Nations does NOT want you to see — share before it gets deleted forever!",conspiracy,10/27/2023
A miracle vaccine remedy discovered by a small-town grandmother is being suppres,"A miracle vaccine remedy discovered by a small-town grandmother is being suppressed by the Ministry of Health, sources close to the family claim. A miracle elections remedy discovered by a small-town grandmother is being suppressed by the Department of Transportation, sources close to the family claim.",News,11/21/2023
A miracle healthcare remedy discovered by a small-town grandmother is being supp,"A miracle healthcare remedy discovered by a small-town grandmother is being suppressed by the Federal Reserve, sources close to the family claim. This one weird elections secret City Hall does NOT want you to see — share before it gets deleted forever!",conspiracy,11/24/2023
You won't believe what the local school board is secretly hiding about public tr,"You won't believe what the local school board is secretly hiding about public transit — insiders reveal the shocking truth that the mainstream media refuses to report!!! Leaked documents allegedly prove the Department of Transportation rigged the vaccine results, according to a viral post shared thousands of times on social media.",politics,2/8/2023
BREAKING: Anonymous sources claim the United Nations is planning to control hous,BREAKING: Anonymous sources claim the United Nations is planning to control housing using a secret housing chip that doctors don't want you to know about. You won't believe what NASA is secretly hiding about artificial intelligence — insiders reveal the shocking truth that the mainstream media refuses to report!!!,News,9/2/2023
BREAKING: Anonymous sources claim Google is planning to control climate using a ,"BREAKING: Anonymous sources claim Google is planning to control climate using a secret climate chip that doctors don't want you to know about. A miracle the economy remedy discovered by a small-town grandmother is being suppressed by NASA, sources close to the family claim.",left-news,5/19/2023
Leaked documents allegedly prove Google rigged the artificial intelligence resul,"Leaked documents allegedly prove Google rigged the artificial intelligence results, according to a viral post shared thousands of times on social media. A miracle vaccine remedy discovered by a small-town grandmother is being suppressed by the United Nations, sources close to the family claim.",conspiracy,8/20/2023
A miracle climate remedy discovered by a small-town grandmother is being suppres,"A miracle climate remedy discovered by a small-town grandmother is being suppressed by the Department of Transportation, sources close to the family claim. Leaked documents allegedly prove the World Health Organization rigged the renewable energy results, according to a viral post shared thousands of times on social media.",left-news,8/8/2023
Shocking video appears to show the World Health Organization officials admitting,Shocking video appears to show the World Health Organization officials admitting they faked the entire artificial intelligence crisis to control the population. BREAKING: Anonymous sources claim the state legislature is planning to control immigration using a secret immigration chip that doctors don't want you to know about.,left-news,9/23/2023
BREAKING: Anonymous sources claim Stanford University is planning to control the,BREAKING: Anonymous sources claim Stanford University is planning to control the economy using a secret the economy chip that doctors don't want you to know about. This one weird public transit secret the state legislature does NOT want you to see — share before it gets deleted forever!,News,6/3/2023
"Scientists HATE this one trick that cures elections overnight, and City Hall is ","Scientists HATE this one trick that cures elections overnight, and City Hall is desperately trying to ban it before everyone finds out. Is the United Nations secretly working with aliens on immigration? Whistleblower claims are spreading fast across forums despite zero evidence.",politics,12/27/2023
A miracle renewable energy remedy discovered by a small-town grandmother is bein,"A miracle renewable energy remedy discovered by a small-town grandmother is being suppressed by the local school board, sources close to the family claim. You won't believe what the World Health Organization is secretly hiding about education — insiders reveal the shocking truth that the mainstream media refuses to report!!!",left-news,10/15/2023
You won't believe what the World Health Organization is secretly hiding about ar,You won't believe what the World Health Organization is secretly hiding about artificial intelligence — insiders reveal the shocking truth that the mainstream media refuses to report!!! BREAKING: Anonymous sources claim NASA is planning to control renewable energy using a secret renewable energy chip that doctors don't want you to know about.,politics,5/7/2023
Shocking video appears to show NASA officials admitting they faked the entire ho,"Shocking video appears to show NASA officials admitting they faked the entire housing crisis to control the population. Scientists HATE this one trick that cures housing overnight, and City Hall is desperately trying to ban it before everyone finds out.",conspiracy,8/14/2023
You won't believe what the Department of Transportation is secretly hiding about,"You won't believe what the Department of Transportation is secretly hiding about vaccine — insiders reveal the shocking truth that the mainstream media refuses to report!!! Leaked documents allegedly prove City Hall rigged the the economy results, according to a viral post shared thousands of times on social media.",politics,3/3/2023
You won't believe what NASA is secretly hiding about renewable energy — insiders,You won't believe what NASA is secretly hiding about renewable energy — insiders reveal the shocking truth that the mainstream media refuses to report!!! You won't believe what the local school board is secretly hiding about renewable energy — insiders reveal the shocking truth that the mainstream media refuses to report!!!,conspiracy,10/7/2023
"Leaked documents allegedly prove NASA rigged the vaccine results, according to a","Leaked documents allegedly prove NASA rigged the vaccine results, according to a viral post shared thousands of times on social media. Is the Ministry of Health secretly working with aliens on elections? Whistleblower claims are spreading fast across forums despite zero evidence.",conspiracy,9/19/2023
"Leaked documents allegedly prove City Hall rigged the housing results, according","Leaked documents allegedly prove City Hall rigged the housing results, according to a viral post shared thousands of times on social media. You won't believe what a major pharmaceutical company is secretly hiding about public transit — insiders reveal the shocking truth that the mainstream media refuses to report!!!",conspiracy,10/28/2023
This one weird education secret Stanford University does NOT want you to see — s,This one weird education secret Stanford University does NOT want you to see — share before it gets deleted forever! This one weird renewable energy secret the Ministry of Health does NOT want you to see — share before it gets deleted forever!,politics,3/27/2023
A miracle elections remedy discovered by a small-town grandmother is being suppr,"A miracle elections remedy discovered by a small-town grandmother is being suppressed by the World Health Organization, sources close to the family claim. A miracle public transit remedy discovered by a small-town grandmother is being suppressed by the state legislature, sources close to the family claim.",News,7/19/2023
"Scientists HATE this one trick that cures renewable energy overnight, and Stanfo","Scientists HATE this one trick that cures renewable energy overnight, and Stanford University is desperately trying to ban it before everyone finds out. Is NASA secretly working with aliens on elections? Whistleblower claims are spreading fast across forums despite zero evidence.",politics,10/10/2023
Is the World Health Organization secretly working with aliens on education? Whis,Is the World Health Organization secretly working with aliens on education? Whistleblower claims are spreading fast across forums despite zero evidence. This one weird renewable energy secret the United Nations does NOT want you to see — share before it gets deleted forever!,News,5/3/2023
Shocking video appears to show the state legislature officials admitting they fa,"Shocking video appears to show the state legislature officials admitting they faked the entire the economy crisis to control the population. A miracle public transit remedy discovered by a small-town grandmother is being suppressed by the Ministry of Health, sources close to the family claim.",conspiracy,1/20/2023
BREAKING: Anonymous sources claim the local school board is planning to control ,BREAKING: Anonymous sources claim the local school board is planning to control public transit using a secret public transit chip that doctors don't want you to know about. You won't believe what the World Health Organization is secretly hiding about the economy — insiders reveal the shocking truth that the mainstream media refuses to report!!!,conspiracy,11/23/2023
BREAKING: Anonymous sources claim the Ministry of Health is planning to control ,BREAKING: Anonymous sources claim the Ministry of Health is planning to control artificial intelligence using a secret artificial intelligence chip that doctors don't want you to know about. BREAKING: Anonymous sources claim Google is planning to control healthcare using a secret healthcare chip that doctors don't want you to know about.,News,5/2/2023
Shocking video appears to show the World Health Organization officials admitting,Shocking video appears to show the World Health Organization officials admitting they faked the entire elections crisis to control the population. This one weird renewable energy secret the Ministry of Health does NOT want you to see — share before it gets deleted forever!,News,3/28/2023
Is Google secretly working with aliens on education? Whistleblower claims are sp,Is Google secretly working with aliens on education? Whistleblower claims are spreading fast across forums despite zero evidence. This one weird education secret Stanford University does NOT want you to see — share before it gets deleted forever!,conspiracy,1/4/2023
Is City Hall secretly working with aliens on immigration? Whistleblower claims a,Is City Hall secretly working with aliens on immigration? Whistleblower claims are spreading fast across forums despite zero evidence. BREAKING: Anonymous sources claim Google is planning to control healthcare using a secret healthcare chip that doctors don't want you to know about.,News,10/6/2023
BREAKING: Anonymous sources claim the Federal Reserve is planning to control imm,BREAKING: Anonymous sources claim the Federal Reserve is planning to control immigration using a secret immigration chip that doctors don't want you to know about. You won't believe what the World Health Organization is secretly hiding about housing — insiders reveal the shocking truth that the mainstream media refuses to report!!!,left-news,6/18/2023
"Scientists HATE this one trick that cures renewable energy overnight, and Stanfo","Scientists HATE this one trick that cures renewable energy overnight, and Stanford University is desperately trying to ban it before everyone finds out. Is Google secretly working with aliens on cybersecurity? Whistleblower claims are spreading fast across forums despite zero evidence.",conspiracy,2/21/2023
Is Google secretly working with aliens on artificial intelligence? Whistleblower,Is Google secretly working with aliens on artificial intelligence? Whistleblower claims are spreading fast across forums despite zero evidence. Is the Federal Reserve secretly working with aliens on public transit? Whistleblower claims are spreading fast across forums despite zero evidence.,left-news,12/19/2023
Shocking video appears to show the Department of Transportation officials admitt,Shocking video appears to show the Department of Transportation officials admitting they faked the entire elections crisis to control the population. This one weird vaccine secret a major pharmaceutical company does NOT want you to see — share before it gets deleted forever!,News,2/24/2023
You won't believe what City Hall is secretly hiding about public transit — insid,"You won't believe what City Hall is secretly hiding about public transit — insiders reveal the shocking truth that the mainstream media refuses to report!!! Scientists HATE this one trick that cures cybersecurity overnight, and the Ministry of Health is desperately trying to ban it before everyone finds out.",conspiracy,6/4/2023
This one weird artificial intelligence secret the Department of Transportation d,"This one weird artificial intelligence secret the Department of Transportation does NOT want you to see — share before it gets deleted forever! Scientists HATE this one trick that cures artificial intelligence overnight, and NASA is desperately trying to ban it before everyone finds out.",politics,1/5/2023
"Leaked documents allegedly prove Google rigged the renewable energy results, acc","Leaked documents allegedly prove Google rigged the renewable energy results, according to a viral post shared thousands of times on social media. Leaked documents allegedly prove the state legislature rigged the immigration results, according to a viral post shared thousands of times on social media.",politics,9/24/2023
Is the Federal Reserve secretly working with aliens on housing? Whistleblower cl,Is the Federal Reserve secretly working with aliens on housing? Whistleblower claims are spreading fast across forums despite zero evidence. Shocking video appears to show City Hall officials admitting they faked the entire renewable energy crisis to control the population.,conspiracy,7/2/2023
Shocking video appears to show the local school board officials admitting they f,"Shocking video appears to show the local school board officials admitting they faked the entire elections crisis to control the population. A miracle vaccine remedy discovered by a small-town grandmother is being suppressed by the Federal Reserve, sources close to the family claim.",News,11/18/2023
A miracle elections remedy discovered by a small-town grandmother is being suppr,"A miracle elections remedy discovered by a small-town grandmother is being suppressed by Stanford University, sources close to the family claim. Shocking video appears to show a major pharmaceutical company officials admitting they faked the entire artificial intelligence crisis to control the population.",left-news,12/5/2023
You won't believe what the World Health Organization is secretly hiding about ho,"You won't believe what the World Health Organization is secretly hiding about housing — insiders reveal the shocking truth that the mainstream media refuses to report!!! Leaked documents allegedly prove Stanford University rigged the elections results, according to a viral post shared thousands of times on social media.",left-news,3/9/2023
Shocking video appears to show the World Health Organization officials admitting,Shocking video appears to show the World Health Organization officials admitting they faked the entire vaccine crisis to control the population. This one weird artificial intelligence secret the Federal Reserve does NOT want you to see — share before it gets deleted forever!,News,8/6/2023
Is Google secretly working with aliens on elections? Whistleblower claims are sp,Is Google secretly working with aliens on elections? Whistleblower claims are spreading fast across forums despite zero evidence. You won't believe what the Ministry of Health is secretly hiding about climate — insiders reveal the shocking truth that the mainstream media refuses to report!!!,left-news,12/3/2023
Is the World Health Organization secretly working with aliens on climate? Whistl,"Is the World Health Organization secretly working with aliens on climate? Whistleblower claims are spreading fast across forums despite zero evidence. Leaked documents allegedly prove the Ministry of Health rigged the public transit results, according to a viral post shared thousands of times on social media.",News,1/20/2023
"Scientists HATE this one trick that cures education overnight, and the Ministry ","Scientists HATE this one trick that cures education overnight, and the Ministry of Health is desperately trying to ban it before everyone finds out. Shocking video appears to show the World Health Organization officials admitting they faked the entire healthcare crisis to control the population.",left-news,3/26/2023
You won't believe what the local school board is secretly hiding about cybersecu,"You won't believe what the local school board is secretly hiding about cybersecurity — insiders reveal the shocking truth that the mainstream media refuses to report!!! Scientists HATE this one trick that cures the economy overnight, and Stanford University is desperately trying to ban it before everyone finds out.",conspiracy,7/24/2023
This one weird education secret City Hall does NOT want you to see — share befor,This one weird education secret City Hall does NOT want you to see — share before it gets deleted forever! You won't believe what Stanford University is secretly hiding about healthcare — insiders reveal the shocking truth that the mainstream media refuses to report!!!,left-news,10/17/2023
Is NASA secretly working with aliens on education? Whistleblower claims are spre,"Is NASA secretly working with aliens on education? Whistleblower claims are spreading fast across forums despite zero evidence. A miracle artificial intelligence remedy discovered by a small-town grandmother is being suppressed by the United Nations, sources close to the family claim.",conspiracy,11/2/2023
"Scientists HATE this one trick that cures immigration overnight, and City Hall i","Scientists HATE this one trick that cures immigration overnight, and City Hall is desperately trying to ban it before everyone finds out. Is the state legislature secretly working with aliens on housing? Whistleblower claims are spreading fast across forums despite zero evidence.",conspiracy,12/6/2023
BREAKING: Anonymous sources claim the state legislature is planning to control h,"BREAKING: Anonymous sources claim the state legislature is planning to control healthcare using a secret healthcare chip that doctors don't want you to know about. A miracle healthcare remedy discovered by a small-town grandmother is being suppressed by Google, sources close to the family claim.",politics,1/12/2023
"Leaked documents allegedly prove City Hall rigged the cybersecurity results, acc","Leaked documents allegedly prove City Hall rigged the cybersecurity results, according to a viral post shared thousands of times on social media. BREAKING: Anonymous sources claim the Federal Reserve is planning to control public transit using a secret public transit chip that doctors don't want you to know about.",conspiracy,12/4/2023
You won't believe what the United Nations is secretly hiding about public transi,You won't believe what the United Nations is secretly hiding about public transit — insiders reveal the shocking truth that the mainstream media refuses to report!!! You won't believe what the Ministry of Health is secretly hiding about public transit — insiders reveal the shocking truth that the mainstream media refuses to report!!!,politics,9/7/2023
"Leaked documents allegedly prove Google rigged the elections results, according ","Leaked documents allegedly prove Google rigged the elections results, according to a viral post shared thousands of times on social media. Scientists HATE this one trick that cures artificial intelligence overnight, and the state legislature is desperately trying to ban it before everyone finds out.",News,1/7/2023
A miracle public transit remedy discovered by a small-town grandmother is being ,"A miracle public transit remedy discovered by a small-town grandmother is being suppressed by a major pharmaceutical company, sources close to the family claim. Scientists HATE this one trick that cures public transit overnight, and a major pharmaceutical company is desperately trying to ban it before everyone finds out.",News,10/14/2023
BREAKING: Anonymous sources claim the local school board is planning to control ,BREAKING: Anonymous sources claim the local school board is planning to control the economy using a secret the economy chip that doctors don't want you to know about. Shocking video appears to show Stanford University officials admitting they faked the entire public transit crisis to control the population.,politics,4/18/2023
Is the Ministry of Health secretly working with aliens on vaccine? Whistleblower,"Is the Ministry of Health secretly working with aliens on vaccine? Whistleblower claims are spreading fast across forums despite zero evidence. Scientists HATE this one trick that cures housing overnight, and the Department of Transportation is desperately trying to ban it before everyone finds out.",conspiracy,5/7/2023
This one weird renewable energy secret the local school board does NOT want you ,This one weird renewable energy secret the local school board does NOT want you to see — share before it gets deleted forever! BREAKING: Anonymous sources claim the Federal Reserve is planning to control immigration using a secret immigration chip that doctors don't want you to know about.,News,2/11/2023
"Scientists HATE this one trick that cures healthcare overnight, and the Federal ","Scientists HATE this one trick that cures healthcare overnight, and the Federal Reserve is desperately trying to ban it before everyone finds out. Shocking video appears to show the state legislature officials admitting they faked the entire elections crisis to control the population.",left-news,3/26/2023
Is Stanford University secretly working with aliens on housing? Whistleblower cl,"Is Stanford University secretly working with aliens on housing? Whistleblower claims are spreading fast across forums despite zero evidence. Scientists HATE this one trick that cures renewable energy overnight, and the local school board is desperately trying to ban it before everyone finds out.",conspiracy,8/19/2023
This one weird climate secret the state legislature does NOT want you to see — s,This one weird climate secret the state legislature does NOT want you to see — share before it gets deleted forever! Is the Federal Reserve secretly working with aliens on housing? Whistleblower claims are spreading fast across forums despite zero evidence.,News,6/21/2023
BREAKING: Anonymous sources claim the local school board is planning to control ,BREAKING: Anonymous sources claim the local school board is planning to control housing using a secret housing chip that doctors don't want you to know about. Is the Federal Reserve secretly working with aliens on education? Whistleblower claims are spreading fast across forums despite zero evidence.,left-news,6/23/2023
Shocking video appears to show the local school board officials admitting they f,"Shocking video appears to show the local school board officials admitting they faked the entire elections crisis to control the population. Leaked documents allegedly prove the Ministry of Health rigged the immigration results, according to a viral post shared thousands of times on social media.",politics,4/16/2023
"Scientists HATE this one trick that cures vaccine overnight, and the Ministry of","Scientists HATE this one trick that cures vaccine overnight, and the Ministry of Health is desperately trying to ban it before everyone finds out. You won't believe what the state legislature is secretly hiding about education — insiders reveal the shocking truth that the mainstream media refuses to report!!!",conspiracy,3/13/2023
BREAKING: Anonymous sources claim the Ministry of Health is planning to control ,BREAKING: Anonymous sources claim the Ministry of Health is planning to control climate using a secret climate chip that doctors don't want you to know about. BREAKING: Anonymous sources claim a major pharmaceutical company is planning to control healthcare using a secret healthcare chip that doctors don't want you to know about.,conspiracy,4/12/2023
You won't believe what the Ministry of Health is secretly hiding about the econo,You won't believe what the Ministry of Health is secretly hiding about the economy — insiders reveal the shocking truth that the mainstream media refuses to report!!! You won't believe what the United Nations is secretly hiding about artificial intelligence — insiders reveal the shocking truth that the mainstream media refuses to report!!!,left-news,4/17/2023
This one weird vaccine secret Google does NOT want you to see — share before it ,"This one weird vaccine secret Google does NOT want you to see — share before it gets deleted forever! A miracle climate remedy discovered by a small-town grandmother is being suppressed by the state legislature, sources close to the family claim.",left-news,11/22/2023
A miracle healthcare remedy discovered by a small-town grandmother is being supp,"A miracle healthcare remedy discovered by a small-town grandmother is being suppressed by Stanford University, sources close to the family claim. Scientists HATE this one trick that cures the economy overnight, and Stanford University is desperately trying to ban it before everyone finds out.",left-news,1/14/2023
This one weird renewable energy secret the local school board does NOT want you ,This one weird renewable energy secret the local school board does NOT want you to see — share before it gets deleted forever! Is the Ministry of Health secretly working with aliens on artificial intelligence? Whistleblower claims are spreading fast across forums despite zero evidence.,politics,9/6/2023
Shocking video appears to show the Federal Reserve officials admitting they fake,Shocking video appears to show the Federal Reserve officials admitting they faked the entire housing crisis to control the population. You won't believe what the state legislature is secretly hiding about cybersecurity — insiders reveal the shocking truth that the mainstream media refuses to report!!!,News,5/19/2023
BREAKING: Anonymous sources claim the Department of Transportation is planning t,BREAKING: Anonymous sources claim the Department of Transportation is planning to control education using a secret education chip that doctors don't want you to know about. This one weird climate secret NASA does NOT want you to see — share before it gets deleted forever!,politics,11/20/2023
BREAKING: Anonymous sources claim the state legislature is planning to control p,BREAKING: Anonymous sources claim the state legislature is planning to control public transit using a secret public transit chip that doctors don't want you to know about. Shocking video appears to show the Department of Transportation officials admitting they faked the entire immigration crisis to control the population.,conspiracy,6/23/2023
Shocking video appears to show the World Health Organization officials admitting,"Shocking video appears to show the World Health Organization officials admitting they faked the entire elections crisis to control the population. Scientists HATE this one trick that cures healthcare overnight, and the Federal Reserve is desperately trying to ban it before everyone finds out.",politics,2/2/2023
Leaked documents allegedly prove the Federal Reserve rigged the elections result,"Leaked documents allegedly prove the Federal Reserve rigged the elections results, according to a viral post shared thousands of times on social media. BREAKING: Anonymous sources claim the Federal Reserve is planning to control climate using a secret climate chip that doctors don't want you to know about.",politics,4/27/2023
A miracle renewable energy remedy discovered by a small-town grandmother is bein,"A miracle renewable energy remedy discovered by a small-town grandmother is being suppressed by the Department of Transportation, sources close to the family claim. Shocking video appears to show Google officials admitting they faked the entire cybersecurity crisis to control the population.",left-news,11/1/2023
BREAKING: Anonymous sources claim a major pharmaceutical company is planning to ,"BREAKING: Anonymous sources claim a major pharmaceutical company is planning to control the economy using a secret the economy chip that doctors don't want you to know about. A miracle the economy remedy discovered by a small-town grandmother is being suppressed by NASA, sources close to the family claim.",politics,11/22/2023
You won't believe what the Federal Reserve is secretly hiding about public trans,You won't believe what the Federal Reserve is secretly hiding about public transit — insiders reveal the shocking truth that the mainstream media refuses to report!!! This one weird vaccine secret the World Health Organization does NOT want you to see — share before it gets deleted forever!,News,5/18/2023
This one weird healthcare secret Stanford University does NOT want you to see — ,"This one weird healthcare secret Stanford University does NOT want you to see — share before it gets deleted forever! Scientists HATE this one trick that cures renewable energy overnight, and the Department of Transportation is desperately trying to ban it before everyone finds out.",left-news,2/2/2023
A miracle housing remedy discovered by a small-town grandmother is being suppres,"A miracle housing remedy discovered by a small-town grandmother is being suppressed by Stanford University, sources close to the family claim. You won't believe what Google is secretly hiding about cybersecurity — insiders reveal the shocking truth that the mainstream media refuses to report!!!",politics,12/8/2023
Shocking video appears to show the World Health Organization officials admitting,"Shocking video appears to show the World Health Organization officials admitting they faked the entire the economy crisis to control the population. Leaked documents allegedly prove NASA rigged the climate results, according to a viral post shared thousands of times on social media.",politics,3/8/2023
Leaked documents allegedly prove the local school board rigged the healthcare re,"Leaked documents allegedly prove the local school board rigged the healthcare results, according to a viral post shared thousands of times on social media. A miracle public transit remedy discovered by a small-town grandmother is being suppressed by the Ministry of Health, sources close to the family claim.",left-news,8/10/2023
Is a major pharmaceutical company secretly working with aliens on elections? Whi,Is a major pharmaceutical company secretly working with aliens on elections? Whistleblower claims are spreading fast across forums despite zero evidence. This one weird vaccine secret the local school board does NOT want you to see — share before it gets deleted forever!,left-news,12/4/2023
Is the Ministry of Health secretly working with aliens on housing? Whistleblower,Is the Ministry of Health secretly working with aliens on housing? Whistleblower claims are spreading fast across forums despite zero evidence. Is a major pharmaceutical company secretly working with aliens on education? Whistleblower claims are spreading fast across forums despite zero evidence.,politics,12/4/2023
A miracle housing remedy discovered by a small-town grandmother is being suppres,"A miracle housing remedy discovered by a small-town grandmother is being suppressed by the United Nations, sources close to the family claim. Is Stanford University secretly working with aliens on the economy? Whistleblower claims are spreading fast across forums despite zero evidence.",politics,3/17/2023
A miracle artificial intelligence remedy discovered by a small-town grandmother ,"A miracle artificial intelligence remedy discovered by a small-town grandmother is being suppressed by Google, sources close to the family claim. Scientists HATE this one trick that cures vaccine overnight, and Stanford University is desperately trying to ban it before everyone finds out.",News,9/18/2023
"Scientists HATE this one trick that cures elections overnight, and Stanford Univ","Scientists HATE this one trick that cures elections overnight, and Stanford University is desperately trying to ban it before everyone finds out. Shocking video appears to show the state legislature officials admitting they faked the entire immigration crisis to control the population.",News,11/21/2023
This one weird housing secret a major pharmaceutical company does NOT want you t,"This one weird housing secret a major pharmaceutical company does NOT want you to see — share before it gets deleted forever! Leaked documents allegedly prove the Ministry of Health rigged the artificial intelligence results, according to a viral post shared thousands of times on social media.",politics,5/4/2023
Leaked documents allegedly prove the Department of Transportation rigged the vac,"Leaked documents allegedly prove the Department of Transportation rigged the vaccine results, according to a viral post shared thousands of times on social media. A miracle public transit remedy discovered by a small-town grandmother is being suppressed by NASA, sources close to the family claim.",News,5/15/2023
Leaked documents allegedly prove the local school board rigged the cybersecurity,"Leaked documents allegedly prove the local school board rigged the cybersecurity results, according to a viral post shared thousands of times on social media. A miracle public transit remedy discovered by a small-town grandmother is being suppressed by the local school board, sources close to the family claim.",politics,1/6/2023
Is the Department of Transportation secretly working with aliens on climate? Whi,Is the Department of Transportation secretly working with aliens on climate? Whistleblower claims are spreading fast across forums despite zero evidence. Shocking video appears to show the local school board officials admitting they faked the entire public transit crisis to control the population.,politics,2/8/2023
BREAKING: Anonymous sources claim the Ministry of Health is planning to control ,BREAKING: Anonymous sources claim the Ministry of Health is planning to control vaccine using a secret vaccine chip that doctors don't want you to know about. This one weird renewable energy secret the United Nations does NOT want you to see — share before it gets deleted forever!,left-news,12/11/2023
BREAKING: Anonymous sources claim Google is planning to control public transit u,"BREAKING: Anonymous sources claim Google is planning to control public transit using a secret public transit chip that doctors don't want you to know about. Leaked documents allegedly prove the state legislature rigged the healthcare results, according to a viral post shared thousands of times on social media.",left-news,2/14/2023
"Scientists HATE this one trick that cures cybersecurity overnight, and the World","Scientists HATE this one trick that cures cybersecurity overnight, and the World Health Organization is desperately trying to ban it before everyone finds out. You won't believe what Stanford University is secretly hiding about elections — insiders reveal the shocking truth that the mainstream media refuses to report!!!",conspiracy,6/21/2023
BREAKING: Anonymous sources claim the World Health Organization is planning to c,BREAKING: Anonymous sources claim the World Health Organization is planning to control cybersecurity using a secret cybersecurity chip that doctors don't want you to know about. This one weird education secret the Federal Reserve does NOT want you to see — share before it gets deleted forever!,News,1/5/2023
"Scientists HATE this one trick that cures vaccine overnight, and the Ministry of","Scientists HATE this one trick that cures vaccine overnight, and the Ministry of Health is desperately trying to ban it before everyone finds out. Is the Ministry of Health secretly working with aliens on artificial intelligence? Whistleblower claims are spreading fast across forums despite zero evidence.",conspiracy,12/1/2023
Shocking video appears to show the Ministry of Health officials admitting they f,Shocking video appears to show the Ministry of Health officials admitting they faked the entire climate crisis to control the population. BREAKING: Anonymous sources claim the Department of Transportation is planning to control artificial intelligence using a secret artificial intelligence chip that doctors don't want you to know about.,News,6/4/2023
BREAKING: Anonymous sources claim the World Health Organization is planning to c,"BREAKING: Anonymous sources claim the World Health Organization is planning to control the economy using a secret the economy chip that doctors don't want you to know about. A miracle artificial intelligence remedy discovered by a small-town grandmother is being suppressed by Google, sources close to the family claim.",News,3/26/2023
"Leaked documents allegedly prove the Federal Reserve rigged the vaccine results,","Leaked documents allegedly prove the Federal Reserve rigged the vaccine results, according to a viral post shared thousands of times on social media. A miracle immigration remedy discovered by a small-town grandmother is being suppressed by the local school board, sources close to the family claim.",left-news,11/26/2023
Is the Ministry of Health secretly working with aliens on housing? Whistleblower,"Is the Ministry of Health secretly working with aliens on housing? Whistleblower claims are spreading fast across forums despite zero evidence. A miracle healthcare remedy discovered by a small-town grandmother is being suppressed by the Ministry of Health, sources close to the family claim.",politics,12/13/2023
Shocking video appears to show the United Nations officials admitting they faked,"Shocking video appears to show the United Nations officials admitting they faked the entire elections crisis to control the population. Scientists HATE this one trick that cures the economy overnight, and the local school board is desperately trying to ban it before everyone finds out.",conspiracy,7/3/2023
"Scientists HATE this one trick that cures artificial intelligence overnight, and","Scientists HATE this one trick that cures artificial intelligence overnight, and NASA is desperately trying to ban it before everyone finds out. You won't believe what the Federal Reserve is secretly hiding about housing — insiders reveal the shocking truth that the mainstream media refuses to report!!!",conspiracy,3/16/2023
BREAKING: Anonymous sources claim the state legislature is planning to control h,BREAKING: Anonymous sources claim the state legislature is planning to control healthcare using a secret healthcare chip that doctors don't want you to know about. Is the Ministry of Health secretly working with aliens on the economy? Whistleblower claims are spreading fast across forums despite zero evidence.,politics,9/12/2023
Is the Department of Transportation secretly working with aliens on the economy?,"Is the Department of Transportation secretly working with aliens on the economy? Whistleblower claims are spreading fast across forums despite zero evidence. A miracle public transit remedy discovered by a small-town grandmother is being suppressed by Stanford University, sources close to the family claim.",left-news,5/21/2023
This one weird healthcare secret the Department of Transportation does NOT want ,This one weird healthcare secret the Department of Transportation does NOT want you to see — share before it gets deleted forever! BREAKING: Anonymous sources claim the local school board is planning to control immigration using a secret immigration chip that doctors don't want you to know about.,conspiracy,10/9/2023
Shocking video appears to show the Department of Transportation officials admitt,"Shocking video appears to show the Department of Transportation officials admitting they faked the entire public transit crisis to control the population. A miracle renewable energy remedy discovered by a small-town grandmother is being suppressed by Google, sources close to the family claim.",left-news,9/13/2023
BREAKING: Anonymous sources claim the Ministry of Health is planning to control ,"BREAKING: Anonymous sources claim the Ministry of Health is planning to control the economy using a secret the economy chip that doctors don't want you to know about. A miracle immigration remedy discovered by a small-town grandmother is being suppressed by the state legislature, sources close to the family claim.",politics,4/13/2023
A miracle healthcare remedy discovered by a small-town grandmother is being supp,"A miracle healthcare remedy discovered by a small-town grandmother is being suppressed by the Ministry of Health, sources close to the family claim. Shocking video appears to show the state legislature officials admitting they faked the entire education crisis to control the population.",politics,10/21/2023
BREAKING: Anonymous sources claim the local school board is planning to control ,"BREAKING: Anonymous sources claim the local school board is planning to control climate using a secret climate chip that doctors don't want you to know about. Leaked documents allegedly prove the World Health Organization rigged the the economy results, according to a viral post shared thousands of times on social media.",politics,4/26/2023
Shocking video appears to show City Hall officials admitting they faked the enti,Shocking video appears to show City Hall officials admitting they faked the entire cybersecurity crisis to control the population. Shocking video appears to show NASA officials admitting they faked the entire elections crisis to control the population.,News,12/6/2023
This one weird vaccine secret City Hall does NOT want you to see — share before ,"This one weird vaccine secret City Hall does NOT want you to see — share before it gets deleted forever! A miracle artificial intelligence remedy discovered by a small-town grandmother is being suppressed by the United Nations, sources close to the family claim.",left-news,7/9/2023
This one weird education secret the Ministry of Health does NOT want you to see ,"This one weird education secret the Ministry of Health does NOT want you to see — share before it gets deleted forever! A miracle vaccine remedy discovered by a small-town grandmother is being suppressed by the Federal Reserve, sources close to the family claim.",News,12/28/2023
Leaked documents allegedly prove the Federal Reserve rigged the elections result,"Leaked documents allegedly prove the Federal Reserve rigged the elections results, according to a viral post shared thousands of times on social media. BREAKING: Anonymous sources claim the World Health Organization is planning to control cybersecurity using a secret cybersecurity chip that doctors don't want you to know about.",News,6/26/2023
This one weird vaccine secret the Department of Transportation does NOT want you,This one weird vaccine secret the Department of Transportation does NOT want you to see — share before it gets deleted forever! Shocking video appears to show the Ministry of Health officials admitting they faked the entire vaccine crisis to control the population.,News,3/16/2023
Shocking video appears to show the local school board officials admitting they f,Shocking video appears to show the local school board officials admitting they faked the entire cybersecurity crisis to control the population. Is the World Health Organization secretly working with aliens on education? Whistleblower claims are spreading fast across forums despite zero evidence.,conspiracy,5/16/2023
Leaked documents allegedly prove the Federal Reserve rigged the immigration resu,"Leaked documents allegedly prove the Federal Reserve rigged the immigration results, according to a viral post shared thousands of times on social media. Leaked documents allegedly prove the Federal Reserve rigged the housing results, according to a viral post shared thousands of times on social media.",politics,1/25/2023
Is the World Health Organization secretly working with aliens on education? Whis,Is the World Health Organization secretly working with aliens on education? Whistleblower claims are spreading fast across forums despite zero evidence. Shocking video appears to show a major pharmaceutical company officials admitting they faked the entire cybersecurity crisis to control the population.,conspiracy,6/15/2023
You won't believe what a major pharmaceutical company is secretly hiding about a,You won't believe what a major pharmaceutical company is secretly hiding about artificial intelligence — insiders reveal the shocking truth that the mainstream media refuses to report!!! BREAKING: Anonymous sources claim a major pharmaceutical company is planning to control education using a secret education chip that doctors don't want you to know about.,politics,12/5/2023
A miracle the economy remedy discovered by a small-town grandmother is being sup,"A miracle the economy remedy discovered by a small-town grandmother is being suppressed by a major pharmaceutical company, sources close to the family claim. BREAKING: Anonymous sources claim the Department of Transportation is planning to control cybersecurity using a secret cybersecurity chip that doctors don't want you to know about.",conspiracy,4/10/2023
Is the United Nations secretly working with aliens on healthcare? Whistleblower ,"Is the United Nations secretly working with aliens on healthcare? Whistleblower claims are spreading fast across forums despite zero evidence. A miracle artificial intelligence remedy discovered by a small-town grandmother is being suppressed by City Hall, sources close to the family claim.",News,7/26/2023
Leaked documents allegedly prove the World Health Organization rigged the housin,"Leaked documents allegedly prove the World Health Organization rigged the housing results, according to a viral post shared thousands of times on social media. Leaked documents allegedly prove City Hall rigged the immigration results, according to a viral post shared thousands of times on social media.",conspiracy,6/4/2023
"Scientists HATE this one trick that cures healthcare overnight, and the World He","Scientists HATE this one trick that cures healthcare overnight, and the World Health Organization is desperately trying to ban it before everyone finds out. This one weird cybersecurity secret NASA does NOT want you to see — share before it gets deleted forever!",News,8/16/2023
Shocking video appears to show the World Health Organization officials admitting,"Shocking video appears to show the World Health Organization officials admitting they faked the entire artificial intelligence crisis to control the population. Scientists HATE this one trick that cures education overnight, and the Department of Transportation is desperately trying to ban it before everyone finds out.",politics,8/7/2023
BREAKING: Anonymous sources claim the local school board is planning to control ,BREAKING: Anonymous sources claim the local school board is planning to control public transit using a secret public transit chip that doctors don't want you to know about. Shocking video appears to show the World Health Organization officials admitting they faked the entire artificial intelligence crisis to control the population.,conspiracy,1/7/2023
"Leaked documents allegedly prove Stanford University rigged the climate results,","Leaked documents allegedly prove Stanford University rigged the climate results, according to a viral post shared thousands of times on social media. Shocking video appears to show the Department of Transportation officials admitting they faked the entire healthcare crisis to control the population.",conspiracy,8/27/2023
A miracle immigration remedy discovered by a small-town grandmother is being sup,"A miracle immigration remedy discovered by a small-town grandmother is being suppressed by the Department of Transportation, sources close to the family claim. Shocking video appears to show Google officials admitting they faked the entire cybersecurity crisis to control the population.",politics,7/19/2023
Shocking video appears to show Stanford University officials admitting they fake,Shocking video appears to show Stanford University officials admitting they faked the entire immigration crisis to control the population. This one weird housing secret the Federal Reserve does NOT want you to see — share before it gets deleted forever!,politics,1/20/2023
Is the Ministry of Health secretly working with aliens on climate? Whistleblower,Is the Ministry of Health secretly working with aliens on climate? Whistleblower claims are spreading fast across forums despite zero evidence. You won't believe what City Hall is secretly hiding about the economy — insiders reveal the shocking truth that the mainstream media refuses to report!!!,left-news,3/7/2023
Is the Federal Reserve secretly working with aliens on vaccine? Whistleblower cl,Is the Federal Reserve secretly working with aliens on vaccine? Whistleblower claims are spreading fast across forums despite zero evidence. BREAKING: Anonymous sources claim the Federal Reserve is planning to control housing using a secret housing chip that doctors don't want you to know about.,News,12/20/2023
Shocking video appears to show the Department of Transportation officials admitt,"Shocking video appears to show the Department of Transportation officials admitting they faked the entire the economy crisis to control the population. Scientists HATE this one trick that cures vaccine overnight, and the Department of Transportation is desperately trying to ban it before everyone finds out.",politics,11/19/2023
A miracle housing remedy discovered by a small-town grandmother is being suppres,"A miracle housing remedy discovered by a small-town grandmother is being suppressed by Google, sources close to the family claim. This one weird the economy secret the United Nations does NOT want you to see — share before it gets deleted forever!",conspiracy,2/22/2023
Is the World Health Organization secretly working with aliens on cybersecurity? ,Is the World Health Organization secretly working with aliens on cybersecurity? Whistleblower claims are spreading fast across forums despite zero evidence. BREAKING: Anonymous sources claim the United Nations is planning to control healthcare using a secret healthcare chip that doctors don't want you to know about.,politics,12/4/2023
Leaked documents allegedly prove the Federal Reserve rigged the artificial intel,"Leaked documents allegedly prove the Federal Reserve rigged the artificial intelligence results, according to a viral post shared thousands of times on social media. You won't believe what a major pharmaceutical company is secretly hiding about climate — insiders reveal the shocking truth that the mainstream media refuses to report!!!",left-news,2/6/2023
You won't believe what the United Nations is secretly hiding about climate — ins,"You won't believe what the United Nations is secretly hiding about climate — insiders reveal the shocking truth that the mainstream media refuses to report!!! Scientists HATE this one trick that cures the economy overnight, and Google is desperately trying to ban it before everyone finds out.",News,6/8/2023
This one weird vaccine secret the Federal Reserve does NOT want you to see — sha,"This one weird vaccine secret the Federal Reserve does NOT want you to see — share before it gets deleted forever! A miracle the economy remedy discovered by a small-town grandmother is being suppressed by a major pharmaceutical company, sources close to the family claim.",conspiracy,11/11/2023
"Scientists HATE this one trick that cures elections overnight, and the Federal R","Scientists HATE this one trick that cures elections overnight, and the Federal Reserve is desperately trying to ban it before everyone finds out. You won't believe what NASA is secretly hiding about renewable energy — insiders reveal the shocking truth that the mainstream media refuses to report!!!",conspiracy,3/20/2023
You won't believe what City Hall is secretly hiding about the economy — insiders,You won't believe what City Hall is secretly hiding about the economy — insiders reveal the shocking truth that the mainstream media refuses to report!!! This one weird education secret Google does NOT want you to see — share before it gets deleted forever!,News,7/27/2023
"Scientists HATE this one trick that cures housing overnight, and the state legis","Scientists HATE this one trick that cures housing overnight, and the state legislature is desperately trying to ban it before everyone finds out. Scientists HATE this one trick that cures vaccine overnight, and the local school board is desperately trying to ban it before everyone finds out.",conspiracy,3/21/2023
"Scientists HATE this one trick that cures artificial intelligence overnight, and","Scientists HATE this one trick that cures artificial intelligence overnight, and City Hall is desperately trying to ban it before everyone finds out. You won't believe what NASA is secretly hiding about housing — insiders reveal the shocking truth that the mainstream media refuses to report!!!",politics,5/22/2023
A miracle climate remedy discovered by a small-town grandmother is being suppres,"A miracle climate remedy discovered by a small-town grandmother is being suppressed by City Hall, sources close to the family claim. Leaked documents allegedly prove NASA rigged the education results, according to a viral post shared thousands of times on social media.",left-news,6/22/2023
This one weird housing secret Stanford University does NOT want you to see — sha,This one weird housing secret Stanford University does NOT want you to see — share before it gets deleted forever! Is the World Health Organization secretly working with aliens on the economy? Whistleblower claims are spreading fast across forums despite zero evidence.,conspiracy,3/14/2023
A miracle elections remedy discovered by a small-town grandmother is being suppr,"A miracle elections remedy discovered by a small-town grandmother is being suppressed by the Federal Reserve, sources close to the family claim. This one weird artificial intelligence secret the state legislature does NOT want you to see — share before it gets deleted forever!",politics,3/18/2023
You won't believe what the state legislature is secretly hiding about immigratio,You won't believe what the state legislature is secretly hiding about immigration — insiders reveal the shocking truth that the mainstream media refuses to report!!! Shocking video appears to show the Ministry of Health officials admitting they faked the entire public transit crisis to control the population.,politics,3/12/2023
"Scientists HATE this one trick that cures climate overnight, and the United Nati","Scientists HATE this one trick that cures climate overnight, and the United Nations is desperately trying to ban it before everyone finds out. Shocking video appears to show City Hall officials admitting they faked the entire public transit crisis to control the population.",politics,5/9/2023
A miracle healthcare remedy discovered by a small-town grandmother is being supp,"A miracle healthcare remedy discovered by a small-town grandmother is being suppressed by the United Nations, sources close to the family claim. Scientists HATE this one trick that cures elections overnight, and the Federal Reserve is desperately trying to ban it before everyone finds out.",News,7/11/2023
"Leaked documents allegedly prove City Hall rigged the healthcare results, accord","Leaked documents allegedly prove City Hall rigged the healthcare results, according to a viral post shared thousands of times on social media. Shocking video appears to show the United Nations officials admitting they faked the entire public transit crisis to control the population.",left-news,5/25/2023
This one weird elections secret the local school board does NOT want you to see ,"This one weird elections secret the local school board does NOT want you to see — share before it gets deleted forever! Leaked documents allegedly prove the Federal Reserve rigged the housing results, according to a viral post shared thousands of times on social media.",politics,8/5/2023
Shocking video appears to show the local school board officials admitting they f,Shocking video appears to show the local school board officials admitting they faked the entire renewable energy crisis to control the population. This one weird elections secret the United Nations does NOT want you to see — share before it gets deleted forever!,politics,10/10/2023
"Scientists HATE this one trick that cures housing overnight, and the local schoo","Scientists HATE this one trick that cures housing overnight, and the local school board is desperately trying to ban it before everyone finds out. A miracle renewable energy remedy discovered by a small-town grandmother is being suppressed by City Hall, sources close to the family claim.",conspiracy,12/19/2023
Shocking video appears to show City Hall officials admitting they faked the enti,"Shocking video appears to show City Hall officials admitting they faked the entire education crisis to control the population. A miracle the economy remedy discovered by a small-town grandmother is being suppressed by the United Nations, sources close to the family claim.",News,5/24/2023
"Scientists HATE this one trick that cures immigration overnight, and the state l","Scientists HATE this one trick that cures immigration overnight, and the state legislature is desperately trying to ban it before everyone finds out. Leaked documents allegedly prove City Hall rigged the housing results, according to a viral post shared thousands of times on social media.",left-news,3/11/2023
"Scientists HATE this one trick that cures healthcare overnight, and the World He","Scientists HATE this one trick that cures healthcare overnight, and the World Health Organization is desperately trying to ban it before everyone finds out. A miracle the economy remedy discovered by a small-town grandmother is being suppressed by Google, sources close to the family claim.",News,5/8/2023
This one weird immigration secret the Department of Transportation does NOT want,This one weird immigration secret the Department of Transportation does NOT want you to see — share before it gets deleted forever! This one weird artificial intelligence secret the Department of Transportation does NOT want you to see — share before it gets deleted forever!,left-news,9/13/2023
BREAKING: Anonymous sources claim City Hall is planning to control renewable ene,"BREAKING: Anonymous sources claim City Hall is planning to control renewable energy using a secret renewable energy chip that doctors don't want you to know about. Leaked documents allegedly prove the United Nations rigged the vaccine results, according to a viral post shared thousands of times on social media.",politics,12/11/2023
"Scientists HATE this one trick that cures climate overnight, and Google is despe","Scientists HATE this one trick that cures climate overnight, and Google is desperately trying to ban it before everyone finds out. You won't believe what Stanford University is secretly hiding about climate — insiders reveal the shocking truth that the mainstream media refuses to report!!!",News,2/3/2023
Is the World Health Organization secretly working with aliens on climate? Whistl,Is the World Health Organization secretly working with aliens on climate? Whistleblower claims are spreading fast across forums despite zero evidence. You won't believe what the Ministry of Health is secretly hiding about vaccine — insiders reveal the shocking truth that the mainstream media refuses to report!!!,News,5/12/2023
"Scientists HATE this one trick that cures the economy overnight, and the Ministr","Scientists HATE this one trick that cures the economy overnight, and the Ministry of Health is desperately trying to ban it before everyone finds out. A miracle immigration remedy discovered by a small-town grandmother is being suppressed by the local school board, sources close to the family claim.",conspiracy,10/5/2023
A miracle public transit remedy discovered by a small-town grandmother is being ,"A miracle public transit remedy discovered by a small-town grandmother is being suppressed by a major pharmaceutical company, sources close to the family claim. BREAKING: Anonymous sources claim the Federal Reserve is planning to control immigration using a secret immigration chip that doctors don't want you to know about.",conspiracy,7/10/2023
Shocking video appears to show the local school board officials admitting they f,Shocking video appears to show the local school board officials admitting they faked the entire public transit crisis to control the population. You won't believe what the Ministry of Health is secretly hiding about the economy — insiders reveal the shocking truth that the mainstream media refuses to report!!!,News,7/23/2023
Shocking video appears to show a major pharmaceutical company officials admittin,Shocking video appears to show a major pharmaceutical company officials admitting they faked the entire elections crisis to control the population. You won't believe what a major pharmaceutical company is secretly hiding about the economy — insiders reveal the shocking truth that the mainstream media refuses to report!!!,News,12/17/2023
Shocking video appears to show the World Health Organization officials admitting,"Shocking video appears to show the World Health Organization officials admitting they faked the entire renewable energy crisis to control the population. Scientists HATE this one trick that cures housing overnight, and City Hall is desperately trying to ban it before everyone finds out.",News,7/16/2023
Leaked documents allegedly prove the state legislature rigged the immigration re,"Leaked documents allegedly prove the state legislature rigged the immigration results, according to a viral post shared thousands of times on social media. Is Google secretly working with aliens on cybersecurity? Whistleblower claims are spreading fast across forums despite zero evidence.",News,2/17/2023
"Scientists HATE this one trick that cures education overnight, and the Ministry ","Scientists HATE this one trick that cures education overnight, and the Ministry of Health is desperately trying to ban it before everyone finds out. Is the Ministry of Health secretly working with aliens on artificial intelligence? Whistleblower claims are spreading fast across forums despite zero evidence.",left-news,7/15/2023
"Scientists HATE this one trick that cures climate overnight, and the Ministry of","Scientists HATE this one trick that cures climate overnight, and the Ministry of Health is desperately trying to ban it before everyone finds out. A miracle the economy remedy discovered by a small-town grandmother is being suppressed by Stanford University, sources close to the family claim.",News,5/21/2023
Leaked documents allegedly prove the United Nations rigged the education results,"Leaked documents allegedly prove the United Nations rigged the education results, according to a viral post shared thousands of times on social media. BREAKING: Anonymous sources claim City Hall is planning to control elections using a secret elections chip that doctors don't want you to know about.",politics,8/23/2023
Shocking video appears to show a major pharmaceutical company officials admittin,Shocking video appears to show a major pharmaceutical company officials admitting they faked the entire housing crisis to control the population. Is NASA secretly working with aliens on artificial intelligence? Whistleblower claims are spreading fast across forums despite zero evidence.,left-news,3/26/2023
You won't believe what a major pharmaceutical company is secretly hiding about h,"You won't believe what a major pharmaceutical company is secretly hiding about housing — insiders reveal the shocking truth that the mainstream media refuses to report!!! Scientists HATE this one trick that cures housing overnight, and Google is desperately trying to ban it before everyone finds out.",conspiracy,3/8/2023
Is the Department of Transportation secretly working with aliens on cybersecurit,Is the Department of Transportation secretly working with aliens on cybersecurity? Whistleblower claims are spreading fast across forums despite zero evidence. Is the state legislature secretly working with aliens on housing? Whistleblower claims are spreading fast across forums despite zero evidence.,left-news,7/9/2023
This one weird healthcare secret NASA does NOT want you to see — share before it,"This one weird healthcare secret NASA does NOT want you to see — share before it gets deleted forever! Scientists HATE this one trick that cures housing overnight, and the Federal Reserve is desperately trying to ban it before everyone finds out.",conspiracy,2/20/2023
"Scientists HATE this one trick that cures cybersecurity overnight, and Stanford ","Scientists HATE this one trick that cures cybersecurity overnight, and Stanford University is desperately trying to ban it before everyone finds out. BREAKING: Anonymous sources claim Google is planning to control vaccine using a secret vaccine chip that doctors don't want you to know about.",News,6/28/2023
BREAKING: Anonymous sources claim City Hall is planning to control renewable ene,BREAKING: Anonymous sources claim City Hall is planning to control renewable energy using a secret renewable energy chip that doctors don't want you to know about. This one weird public transit secret the Ministry of Health does NOT want you to see — share before it gets deleted forever!,politics,3/17/2023
"Scientists HATE this one trick that cures housing overnight, and the state legis","Scientists HATE this one trick that cures housing overnight, and the state legislature is desperately trying to ban it before everyone finds out. This one weird the economy secret Stanford University does NOT want you to see — share before it gets deleted forever!",News,5/12/2023
BREAKING: Anonymous sources claim the World Health Organization is planning to c,BREAKING: Anonymous sources claim the World Health Organization is planning to control elections using a secret elections chip that doctors don't want you to know about. You won't believe what the state legislature is secretly hiding about public transit — insiders reveal the shocking truth that the mainstream media refuses to report!!!,politics,7/25/2023
You won't believe what the World Health Organization is secretly hiding about re,"You won't believe what the World Health Organization is secretly hiding about renewable energy — insiders reveal the shocking truth that the mainstream media refuses to report!!! Leaked documents allegedly prove the Department of Transportation rigged the healthcare results, according to a viral post shared thousands of times on social media.",News,2/22/2023
Is the state legislature secretly working with aliens on vaccine? Whistleblower ,Is the state legislature secretly working with aliens on vaccine? Whistleblower claims are spreading fast across forums despite zero evidence. Shocking video appears to show Google officials admitting they faked the entire education crisis to control the population.,politics,7/19/2023
This one weird housing secret NASA does NOT want you to see — share before it ge,"This one weird housing secret NASA does NOT want you to see — share before it gets deleted forever! A miracle housing remedy discovered by a small-town grandmother is being suppressed by the World Health Organization, sources close to the family claim.",politics,8/3/2023
BREAKING: Anonymous sources claim the Department of Transportation is planning t,BREAKING: Anonymous sources claim the Department of Transportation is planning to control housing using a secret housing chip that doctors don't want you to know about. Shocking video appears to show the United Nations officials admitting they faked the entire cybersecurity crisis to control the population.,News,8/20/2023
"Scientists HATE this one trick that cures healthcare overnight, and the Departme","Scientists HATE this one trick that cures healthcare overnight, and the Department of Transportation is desperately trying to ban it before everyone finds out. BREAKING: Anonymous sources claim Stanford University is planning to control artificial intelligence using a secret artificial intelligence chip that doctors don't want you to know about.",politics,11/2/2023
Is the Ministry of Health secretly working with aliens on artificial intelligenc,"Is the Ministry of Health secretly working with aliens on artificial intelligence? Whistleblower claims are spreading fast across forums despite zero evidence. A miracle climate remedy discovered by a small-town grandmother is being suppressed by the World Health Organization, sources close to the family claim.",left-news,12/11/2023
Shocking video appears to show a major pharmaceutical company officials admittin,Shocking video appears to show a major pharmaceutical company officials admitting they faked the entire the economy crisis to control the population. BREAKING: Anonymous sources claim the state legislature is planning to control public transit using a secret public transit chip that doctors don't want you to know about.,left-news,7/9/2023
Leaked documents allegedly prove a major pharmaceutical company rigged the immig,"Leaked documents allegedly prove a major pharmaceutical company rigged the immigration results, according to a viral post shared thousands of times on social media. Leaked documents allegedly prove the Department of Transportation rigged the immigration results, according to a viral post shared thousands of times on social media.",left-news,11/9/2023
This one weird healthcare secret the local school board does NOT want you to see,This one weird healthcare secret the local school board does NOT want you to see — share before it gets deleted forever! Shocking video appears to show Google officials admitting they faked the entire artificial intelligence crisis to control the population.,conspiracy,6/6/2023
Is the local school board secretly working with aliens on immigration? Whistlebl,Is the local school board secretly working with aliens on immigration? Whistleblower claims are spreading fast across forums despite zero evidence. You won't believe what the Ministry of Health is secretly hiding about artificial intelligence — insiders reveal the shocking truth that the mainstream media refuses to report!!!,politics,8/18/2023
Is Google secretly working with aliens on cybersecurity? Whistleblower claims ar,Is Google secretly working with aliens on cybersecurity? Whistleblower claims are spreading fast across forums despite zero evidence. Shocking video appears to show the local school board officials admitting they faked the entire education crisis to control the population.,conspiracy,10/7/2023
Shocking video appears to show City Hall officials admitting they faked the enti,"Shocking video appears to show City Hall officials admitting they faked the entire climate crisis to control the population. A miracle cybersecurity remedy discovered by a small-town grandmother is being suppressed by NASA, sources close to the family claim.",News,8/7/2023
Shocking video appears to show the local school board officials admitting they f,Shocking video appears to show the local school board officials admitting they faked the entire education crisis to control the population. BREAKING: Anonymous sources claim City Hall is planning to control public transit using a secret public transit chip that doctors don't want you to know about.,conspiracy,11/19/2023
Leaked documents allegedly prove the state legislature rigged the education resu,"Leaked documents allegedly prove the state legislature rigged the education results, according to a viral post shared thousands of times on social media. Shocking video appears to show the state legislature officials admitting they faked the entire immigration crisis to control the population.",left-news,7/2/2023
BREAKING: Anonymous sources claim the United Nations is planning to control the ,BREAKING: Anonymous sources claim the United Nations is planning to control the economy using a secret the economy chip that doctors don't want you to know about. Is Stanford University secretly working with aliens on education? Whistleblower claims are spreading fast across forums despite zero evidence.,conspiracy,2/9/2023
You won't believe what the local school board is secretly hiding about elections,You won't believe what the local school board is secretly hiding about elections — insiders reveal the shocking truth that the mainstream media refuses to report!!! Shocking video appears to show City Hall officials admitting they faked the entire public transit crisis to control the population.,conspiracy,4/11/2023
BREAKING: Anonymous sources claim Google is planning to control immigration usin,BREAKING: Anonymous sources claim Google is planning to control immigration using a secret immigration chip that doctors don't want you to know about. Shocking video appears to show the Department of Transportation officials admitting they faked the entire housing crisis to control the population.,left-news,10/18/2023
A miracle cybersecurity remedy discovered by a small-town grandmother is being s,"A miracle cybersecurity remedy discovered by a small-town grandmother is being suppressed by the state legislature, sources close to the family claim. Leaked documents allegedly prove City Hall rigged the climate results, according to a viral post shared thousands of times on social media.",conspiracy,1/4/2023
Is Google secretly working with aliens on public transit? Whistleblower claims a,"Is Google secretly working with aliens on public transit? Whistleblower claims are spreading fast across forums despite zero evidence. A miracle education remedy discovered by a small-town grandmother is being suppressed by the state legislature, sources close to the family claim.",left-news,10/7/2023
"Scientists HATE this one trick that cures cybersecurity overnight, and the Depar","Scientists HATE this one trick that cures cybersecurity overnight, and the Department of Transportation is desperately trying to ban it before everyone finds out. BREAKING: Anonymous sources claim the Federal Reserve is planning to control cybersecurity using a secret cybersecurity chip that doctors don't want you to know about.",politics,4/5/2023
You won't believe what the Ministry of Health is secretly hiding about elections,You won't believe what the Ministry of Health is secretly hiding about elections — insiders reveal the shocking truth that the mainstream media refuses to report!!! BREAKING: Anonymous sources claim Google is planning to control elections using a secret elections chip that doctors don't want you to know about.,left-news,6/13/2023
You won't believe what the local school board is secretly hiding about public tr,You won't believe what the local school board is secretly hiding about public transit — insiders reveal the shocking truth that the mainstream media refuses to report!!! You won't believe what the Ministry of Health is secretly hiding about vaccine — insiders reveal the shocking truth that the mainstream media refuses to report!!!,News,4/14/2023
This one weird artificial intelligence secret the United Nations does NOT want y,This one weird artificial intelligence secret the United Nations does NOT want you to see — share before it gets deleted forever! You won't believe what Google is secretly hiding about public transit — insiders reveal the shocking truth that the mainstream media refuses to report!!!,politics,8/8/2023
Shocking video appears to show NASA officials admitting they faked the entire va,Shocking video appears to show NASA officials admitting they faked the entire vaccine crisis to control the population. Is the Federal Reserve secretly working with aliens on healthcare? Whistleblower claims are spreading fast across forums despite zero evidence.,left-news,5/28/2023
You won't believe what the Federal Reserve is secretly hiding about elections — ,You won't believe what the Federal Reserve is secretly hiding about elections — insiders reveal the shocking truth that the mainstream media refuses to report!!! This one weird elections secret the United Nations does NOT want you to see — share before it gets deleted forever!,left-news,4/27/2023
Leaked documents allegedly prove the state legislature rigged the renewable ener,"Leaked documents allegedly prove the state legislature rigged the renewable energy results, according to a viral post shared thousands of times on social media. BREAKING: Anonymous sources claim Google is planning to control housing using a secret housing chip that doctors don't want you to know about.",conspiracy,1/26/2023
BREAKING: Anonymous sources claim City Hall is planning to control public transi,BREAKING: Anonymous sources claim City Hall is planning to control public transit using a secret public transit chip that doctors don't want you to know about. You won't believe what Google is secretly hiding about vaccine — insiders reveal the shocking truth that the mainstream media refuses to report!!!,left-news,1/19/2023
Shocking video appears to show the World Health Organization officials admitting,Shocking video appears to show the World Health Organization officials admitting they faked the entire cybersecurity crisis to control the population. Is NASA secretly working with aliens on public transit? Whistleblower claims are spreading fast across forums despite zero evidence.,News,9/7/2023
Is the United Nations secretly working with aliens on healthcare? Whistleblower ,Is the United Nations secretly working with aliens on healthcare? Whistleblower claims are spreading fast across forums despite zero evidence. Shocking video appears to show Stanford University officials admitting they faked the entire elections crisis to control the population.,left-news,4/16/2023
This one weird housing secret Stanford University does NOT want you to see — sha,This one weird housing secret Stanford University does NOT want you to see — share before it gets deleted forever! This one weird cybersecurity secret Google does NOT want you to see — share before it gets deleted forever!,News,5/1/2023
BREAKING: Anonymous sources claim the state legislature is planning to control p,"BREAKING: Anonymous sources claim the state legislature is planning to control public transit using a secret public transit chip that doctors don't want you to know about. Leaked documents allegedly prove a major pharmaceutical company rigged the housing results, according to a viral post shared thousands of times on social media.",News,6/14/2023
Is the local school board secretly working with aliens on public transit? Whistl,"Is the local school board secretly working with aliens on public transit? Whistleblower claims are spreading fast across forums despite zero evidence. Scientists HATE this one trick that cures cybersecurity overnight, and the Federal Reserve is desperately trying to ban it before everyone finds out.",left-news,9/9/2023
A miracle climate remedy discovered by a small-town grandmother is being suppres,"A miracle climate remedy discovered by a small-town grandmother is being suppressed by the Department of Transportation, sources close to the family claim. BREAKING: Anonymous sources claim City Hall is planning to control artificial intelligence using a secret artificial intelligence chip that doctors don't want you to know about.",conspiracy,1/24/2023
BREAKING: Anonymous sources claim City Hall is planning to control the economy u,BREAKING: Anonymous sources claim City Hall is planning to control the economy using a secret the economy chip that doctors don't want you to know about. Shocking video appears to show the Department of Transportation officials admitting they faked the entire public transit crisis to control the population.,left-news,6/23/2023
Leaked documents allegedly prove a major pharmaceutical company rigged the immig,"Leaked documents allegedly prove a major pharmaceutical company rigged the immigration results, according to a viral post shared thousands of times on social media. Leaked documents allegedly prove the Federal Reserve rigged the the economy results, according to a viral post shared thousands of times on social media.",News,3/28/2023
"Scientists HATE this one trick that cures healthcare overnight, and the World He","Scientists HATE this one trick that cures healthcare overnight, and the World Health Organization is desperately trying to ban it before everyone finds out. BREAKING: Anonymous sources claim the Ministry of Health is planning to control renewable energy using a secret renewable energy chip that doctors don't want you to know about.",politics,4/25/2023
You won't believe what NASA is secretly hiding about the economy — insiders reve,"You won't believe what NASA is secretly hiding about the economy — insiders reveal the shocking truth that the mainstream media refuses to report!!! Scientists HATE this one trick that cures immigration overnight, and Google is desperately trying to ban it before everyone finds out.",left-news,9/15/2023
Shocking video appears to show a major pharmaceutical company officials admittin,Shocking video appears to show a major pharmaceutical company officials admitting they faked the entire climate crisis to control the population. Is City Hall secretly working with aliens on housing? Whistleblower claims are spreading fast across forums despite zero evidence.,left-news,6/15/2023
This one weird housing secret the state legislature does NOT want you to see — s,"This one weird housing secret the state legislature does NOT want you to see — share before it gets deleted forever! Scientists HATE this one trick that cures artificial intelligence overnight, and the World Health Organization is desperately trying to ban it before everyone finds out.",conspiracy,11/21/2023
Is the state legislature secretly working with aliens on housing? Whistleblower ,"Is the state legislature secretly working with aliens on housing? Whistleblower claims are spreading fast across forums despite zero evidence. Scientists HATE this one trick that cures cybersecurity overnight, and the Ministry of Health is desperately trying to ban it before everyone finds out.",conspiracy,5/3/2023
BREAKING: Anonymous sources claim the Federal Reserve is planning to control cyb,BREAKING: Anonymous sources claim the Federal Reserve is planning to control cybersecurity using a secret cybersecurity chip that doctors don't want you to know about. Shocking video appears to show NASA officials admitting they faked the entire cybersecurity crisis to control the population.,News,11/17/2023
This one weird artificial intelligence secret Google does NOT want you to see — ,This one weird artificial intelligence secret Google does NOT want you to see — share before it gets deleted forever! Is the state legislature secretly working with aliens on elections? Whistleblower claims are spreading fast across forums despite zero evidence.,News,5/25/2023
A miracle education remedy discovered by a small-town grandmother is being suppr,"A miracle education remedy discovered by a small-town grandmother is being suppressed by NASA, sources close to the family claim. Is the state legislature secretly working with aliens on cybersecurity? Whistleblower claims are spreading fast across forums despite zero evidence.",left-news,9/21/2023
Shocking video appears to show the local school board officials admitting they f,Shocking video appears to show the local school board officials admitting they faked the entire immigration crisis to control the population. BREAKING: Anonymous sources claim the local school board is planning to control artificial intelligence using a secret artificial intelligence chip that doctors don't want you to know about.,conspiracy,11/4/2023
A miracle elections remedy discovered by a small-town grandmother is being suppr,"A miracle elections remedy discovered by a small-town grandmother is being suppressed by a major pharmaceutical company, sources close to the family claim. Scientists HATE this one trick that cures cybersecurity overnight, and City Hall is desperately trying to ban it before everyone finds out.",News,1/13/2023
"Scientists HATE this one trick that cures the economy overnight, and the local s","Scientists HATE this one trick that cures the economy overnight, and the local school board is desperately trying to ban it before everyone finds out. Scientists HATE this one trick that cures climate overnight, and the United Nations is desperately trying to ban it before everyone finds out.",conspiracy,12/15/2023
"Leaked documents allegedly prove City Hall rigged the public transit results, ac","Leaked documents allegedly prove City Hall rigged the public transit results, according to a viral post shared thousands of times on social media. Scientists HATE this one trick that cures education overnight, and the Federal Reserve is desperately trying to ban it before everyone finds out.",News,8/24/2023
This one weird education secret the Department of Transportation does NOT want y,This one weird education secret the Department of Transportation does NOT want you to see — share before it gets deleted forever! This one weird the economy secret a major pharmaceutical company does NOT want you to see — share before it gets deleted forever!,News,11/25/2023
A miracle cybersecurity remedy discovered by a small-town grandmother is being s,"A miracle cybersecurity remedy discovered by a small-town grandmother is being suppressed by the Ministry of Health, sources close to the family claim. Shocking video appears to show the Federal Reserve officials admitting they faked the entire public transit crisis to control the population.",News,1/25/2023
BREAKING: Anonymous sources claim the United Nations is planning to control heal,BREAKING: Anonymous sources claim the United Nations is planning to control healthcare using a secret healthcare chip that doctors don't want you to know about. This one weird the economy secret NASA does NOT want you to see — share before it gets deleted forever!,News,10/24/2023
"Scientists HATE this one trick that cures immigration overnight, and the state l","Scientists HATE this one trick that cures immigration overnight, and the state legislature is desperately trying to ban it before everyone finds out. Shocking video appears to show the Department of Transportation officials admitting they faked the entire cybersecurity crisis to control the population.",left-news,7/5/2023
Leaked documents allegedly prove NASA rigged the artificial intelligence results,"Leaked documents allegedly prove NASA rigged the artificial intelligence results, according to a viral post shared thousands of times on social media. Leaked documents allegedly prove the Department of Transportation rigged the vaccine results, according to a viral post shared thousands of times on social media.",politics,4/18/2023
"Scientists HATE this one trick that cures immigration overnight, and the Ministr","Scientists HATE this one trick that cures immigration overnight, and the Ministry of Health is desperately trying to ban it before everyone finds out. A miracle the economy remedy discovered by a small-town grandmother is being suppressed by NASA, sources close to the family claim.",left-news,6/10/2023
Is a major pharmaceutical company secretly working with aliens on renewable ener,Is a major pharmaceutical company secretly working with aliens on renewable energy? Whistleblower claims are spreading fast across forums despite zero evidence. You won't believe what a major pharmaceutical company is secretly hiding about climate — insiders reveal the shocking truth that the mainstream media refuses to report!!!,News,8/3/2023
BREAKING: Anonymous sources claim City Hall is planning to control renewable ene,"BREAKING: Anonymous sources claim City Hall is planning to control renewable energy using a secret renewable energy chip that doctors don't want you to know about. A miracle public transit remedy discovered by a small-town grandmother is being suppressed by the state legislature, sources close to the family claim.",conspiracy,10/13/2023
Shocking video appears to show the local school board officials admitting they f,Shocking video appears to show the local school board officials admitting they faked the entire immigration crisis to control the population. This one weird vaccine secret Google does NOT want you to see — share before it gets deleted forever!,left-news,4/22/2023
BREAKING: Anonymous sources claim NASA is planning to control public transit usi,BREAKING: Anonymous sources claim NASA is planning to control public transit using a secret public transit chip that doctors don't want you to know about. This one weird climate secret Stanford University does NOT want you to see — share before it gets deleted forever!,left-news,10/19/2023
You won't believe what the Ministry of Health is secretly hiding about immigrati,You won't believe what the Ministry of Health is secretly hiding about immigration — insiders reveal the shocking truth that the mainstream media refuses to report!!! This one weird healthcare secret the World Health Organization does NOT want you to see — share before it gets deleted forever!,left-news,5/18/2023
This one weird healthcare secret the Ministry of Health does NOT want you to see,This one weird healthcare secret the Ministry of Health does NOT want you to see — share before it gets deleted forever! BREAKING: Anonymous sources claim the Ministry of Health is planning to control immigration using a secret immigration chip that doctors don't want you to know about.,conspiracy,8/24/2023
Leaked documents allegedly prove the World Health Organization rigged the the ec,"Leaked documents allegedly prove the World Health Organization rigged the the economy results, according to a viral post shared thousands of times on social media. This one weird immigration secret the United Nations does NOT want you to see — share before it gets deleted forever!",conspiracy,12/9/2023
You won't believe what a major pharmaceutical company is secretly hiding about h,You won't believe what a major pharmaceutical company is secretly hiding about housing — insiders reveal the shocking truth that the mainstream media refuses to report!!! Is the World Health Organization secretly working with aliens on vaccine? Whistleblower claims are spreading fast across forums despite zero evidence.,News,4/27/2023
A miracle climate remedy discovered by a small-town grandmother is being suppres,"A miracle climate remedy discovered by a small-town grandmother is being suppressed by City Hall, sources close to the family claim. BREAKING: Anonymous sources claim NASA is planning to control artificial intelligence using a secret artificial intelligence chip that doctors don't want you to know about.",politics,12/3/2023
BREAKING: Anonymous sources claim the Federal Reserve is planning to control art,"BREAKING: Anonymous sources claim the Federal Reserve is planning to control artificial intelligence using a secret artificial intelligence chip that doctors don't want you to know about. Leaked documents allegedly prove City Hall rigged the housing results, according to a viral post shared thousands of times on social media.",left-news,6/26/2023
Leaked documents allegedly prove the United Nations rigged the cybersecurity res,"Leaked documents allegedly prove the United Nations rigged the cybersecurity results, according to a viral post shared thousands of times on social media. Scientists HATE this one trick that cures cybersecurity overnight, and Google is desperately trying to ban it before everyone finds out.",left-news,3/10/2023
This one weird artificial intelligence secret the state legislature does NOT wan,This one weird artificial intelligence secret the state legislature does NOT want you to see — share before it gets deleted forever! You won't believe what NASA is secretly hiding about education — insiders reveal the shocking truth that the mainstream media refuses to report!!!,left-news,1/4/2023
This one weird immigration secret City Hall does NOT want you to see — share bef,This one weird immigration secret City Hall does NOT want you to see — share before it gets deleted forever! BREAKING: Anonymous sources claim Google is planning to control education using a secret education chip that doctors don't want you to know about.,News,2/16/2023
BREAKING: Anonymous sources claim the World Health Organization is planning to c,BREAKING: Anonymous sources claim the World Health Organization is planning to control elections using a secret elections chip that doctors don't want you to know about. This one weird renewable energy secret the local school board does NOT want you to see — share before it gets deleted forever!,conspiracy,5/5/2023
BREAKING: Anonymous sources claim the World Health Organization is planning to c,BREAKING: Anonymous sources claim the World Health Organization is planning to control renewable energy using a secret renewable energy chip that doctors don't want you to know about. This one weird housing secret the Ministry of Health does NOT want you to see — share before it gets deleted forever!,News,4/28/2023
A miracle cybersecurity remedy discovered by a small-town grandmother is being s,"A miracle cybersecurity remedy discovered by a small-town grandmother is being suppressed by City Hall, sources close to the family claim. Shocking video appears to show the Department of Transportation officials admitting they faked the entire climate crisis to control the population.",conspiracy,5/9/2023
A miracle immigration remedy discovered by a small-town grandmother is being sup,"A miracle immigration remedy discovered by a small-town grandmother is being suppressed by the Federal Reserve, sources close to the family claim. Is the United Nations secretly working with aliens on housing? Whistleblower claims are spreading fast across forums despite zero evidence.",conspiracy,8/4/2023
"Leaked documents allegedly prove the Federal Reserve rigged the housing results,","Leaked documents allegedly prove the Federal Reserve rigged the housing results, according to a viral post shared thousands of times on social media. Leaked documents allegedly prove the World Health Organization rigged the cybersecurity results, according to a viral post shared thousands of times on social media.",conspiracy,3/1/2023
BREAKING: Anonymous sources claim Stanford University is planning to control cli,BREAKING: Anonymous sources claim Stanford University is planning to control climate using a secret climate chip that doctors don't want you to know about. You won't believe what the state legislature is secretly hiding about vaccine — insiders reveal the shocking truth that the mainstream media refuses to report!!!,News,1/1/2023
Is NASA secretly working with aliens on vaccine? Whistleblower claims are spread,Is NASA secretly working with aliens on vaccine? Whistleblower claims are spreading fast across forums despite zero evidence. BREAKING: Anonymous sources claim City Hall is planning to control renewable energy using a secret renewable energy chip that doctors don't want you to know about.,News,9/20/2023
BREAKING: Anonymous sources claim the state legislature is planning to control c,"BREAKING: Anonymous sources claim the state legislature is planning to control cybersecurity using a secret cybersecurity chip that doctors don't want you to know about. Scientists HATE this one trick that cures the economy overnight, and the local school board is desperately trying to ban it before everyone finds out.",left-news,8/28/2023
"Scientists HATE this one trick that cures vaccine overnight, and the state legis","Scientists HATE this one trick that cures vaccine overnight, and the state legislature is desperately trying to ban it before everyone finds out. Scientists HATE this one trick that cures healthcare overnight, and Stanford University is desperately trying to ban it before everyone finds out.",News,8/2/2023
A miracle climate remedy discovered by a small-town grandmother is being suppres,"A miracle climate remedy discovered by a small-town grandmother is being suppressed by the state legislature, sources close to the family claim. Is Stanford University secretly working with aliens on climate? Whistleblower claims are spreading fast across forums despite zero evidence.",left-news,1/2/2023
You won't believe what Google is secretly hiding about healthcare — insiders rev,"You won't believe what Google is secretly hiding about healthcare — insiders reveal the shocking truth that the mainstream media refuses to report!!! A miracle public transit remedy discovered by a small-town grandmother is being suppressed by the World Health Organization, sources close to the family claim.",News,8/3/2023
Is the local school board secretly working with aliens on education? Whistleblow,"Is the local school board secretly working with aliens on education? Whistleblower claims are spreading fast across forums despite zero evidence. Scientists HATE this one trick that cures renewable energy overnight, and the state legislature is desperately trying to ban it before everyone finds out.",politics,4/22/2023
Is the state legislature secretly working with aliens on renewable energy? Whist,Is the state legislature secretly working with aliens on renewable energy? Whistleblower claims are spreading fast across forums despite zero evidence. Shocking video appears to show the World Health Organization officials admitting they faked the entire artificial intelligence crisis to control the population.,politics,5/23/2023
Shocking video appears to show City Hall officials admitting they faked the enti,Shocking video appears to show City Hall officials admitting they faked the entire climate crisis to control the population. Is Google secretly working with aliens on housing? Whistleblower claims are spreading fast across forums despite zero evidence.,News,7/23/2023
You won't believe what Google is secretly hiding about artificial intelligence —,"You won't believe what Google is secretly hiding about artificial intelligence — insiders reveal the shocking truth that the mainstream media refuses to report!!! A miracle the economy remedy discovered by a small-town grandmother is being suppressed by the Department of Transportation, sources close to the family claim.",left-news,11/1/2023
Is the Department of Transportation secretly working with aliens on cybersecurit,Is the Department of Transportation secretly working with aliens on cybersecurity? Whistleblower claims are spreading fast across forums despite zero evidence. BREAKING: Anonymous sources claim the Federal Reserve is planning to control immigration using a secret immigration chip that doctors don't want you to know about.,left-news,7/3/2023
Leaked documents allegedly prove the state legislature rigged the cybersecurity ,"Leaked documents allegedly prove the state legislature rigged the cybersecurity results, according to a viral post shared thousands of times on social media. A miracle climate remedy discovered by a small-town grandmother is being suppressed by the Federal Reserve, sources close to the family claim.",left-news,1/3/2023
BREAKING: Anonymous sources claim Google is planning to control climate using a ,BREAKING: Anonymous sources claim Google is planning to control climate using a secret climate chip that doctors don't want you to know about. Is a major pharmaceutical company secretly working with aliens on vaccine? Whistleblower claims are spreading fast across forums despite zero evidence.,left-news,11/11/2023
"Leaked documents allegedly prove NASA rigged the immigration results, according ","Leaked documents allegedly prove NASA rigged the immigration results, according to a viral post shared thousands of times on social media. BREAKING: Anonymous sources claim Stanford University is planning to control the economy using a secret the economy chip that doctors don't want you to know about.",News,3/7/2023
A miracle cybersecurity remedy discovered by a small-town grandmother is being s,"A miracle cybersecurity remedy discovered by a small-town grandmother is being suppressed by the local school board, sources close to the family claim. Is a major pharmaceutical company secretly working with aliens on cybersecurity? Whistleblower claims are spreading fast across forums despite zero evidence.",politics,10/5/2023
Leaked documents allegedly prove the World Health Organization rigged the immigr,"Leaked documents allegedly prove the World Health Organization rigged the immigration results, according to a viral post shared thousands of times on social media. Leaked documents allegedly prove City Hall rigged the education results, according to a viral post shared thousands of times on social media.",conspiracy,12/21/2023
A miracle public transit remedy discovered by a small-town grandmother is being ,"A miracle public transit remedy discovered by a small-town grandmother is being suppressed by the Department of Transportation, sources close to the family claim. Leaked documents allegedly prove the state legislature rigged the the economy results, according to a viral post shared thousands of times on social media.",conspiracy,10/3/2023
"Scientists HATE this one trick that cures healthcare overnight, and the United N","Scientists HATE this one trick that cures healthcare overnight, and the United Nations is desperately trying to ban it before everyone finds out. A miracle public transit remedy discovered by a small-town grandmother is being suppressed by NASA, sources close to the family claim.",News,5/19/2023
"Scientists HATE this one trick that cures education overnight, and NASA is despe","Scientists HATE this one trick that cures education overnight, and NASA is desperately trying to ban it before everyone finds out. Is the Ministry of Health secretly working with aliens on education? Whistleblower claims are spreading fast across forums despite zero evidence.",politics,10/22/2023
You won't believe what the local school board is secretly hiding about cybersecu,You won't believe what the local school board is secretly hiding about cybersecurity — insiders reveal the shocking truth that the mainstream media refuses to report!!! BREAKING: Anonymous sources claim Google is planning to control elections using a secret elections chip that doctors don't want you to know about.,politics,12/13/2023
"Scientists HATE this one trick that cures education overnight, and Google is des","Scientists HATE this one trick that cures education overnight, and Google is desperately trying to ban it before everyone finds out. Shocking video appears to show a major pharmaceutical company officials admitting they faked the entire healthcare crisis to control the population.",News,4/1/2023
Shocking video appears to show the local school board officials admitting they f,Shocking video appears to show the local school board officials admitting they faked the entire vaccine crisis to control the population. This one weird healthcare secret the Federal Reserve does NOT want you to see — share before it gets deleted forever!,News,6/24/2023
"Scientists HATE this one trick that cures immigration overnight, and the Ministr","Scientists HATE this one trick that cures immigration overnight, and the Ministry of Health is desperately trying to ban it before everyone finds out. This one weird education secret the state legislature does NOT want you to see — share before it gets deleted forever!",News,11/23/2023
"Leaked documents allegedly prove Google rigged the public transit results, accor","Leaked documents allegedly prove Google rigged the public transit results, according to a viral post shared thousands of times on social media. Is a major pharmaceutical company secretly working with aliens on immigration? Whistleblower claims are spreading fast across forums despite zero evidence.",conspiracy,9/25/2023
Leaked documents allegedly prove a major pharmaceutical company rigged the housi,"Leaked documents allegedly prove a major pharmaceutical company rigged the housing results, according to a viral post shared thousands of times on social media. Leaked documents allegedly prove the local school board rigged the renewable energy results, according to a viral post shared thousands of times on social media.",News,9/15/2023
Leaked documents allegedly prove a major pharmaceutical company rigged the immig,"Leaked documents allegedly prove a major pharmaceutical company rigged the immigration results, according to a viral post shared thousands of times on social media. Shocking video appears to show NASA officials admitting they faked the entire the economy crisis to control the population.",conspiracy,3/23/2023
A miracle artificial intelligence remedy discovered by a small-town grandmother ,"A miracle artificial intelligence remedy discovered by a small-town grandmother is being suppressed by the Federal Reserve, sources close to the family claim. You won't believe what Stanford University is secretly hiding about public transit — insiders reveal the shocking truth that the mainstream media refuses to report!!!",left-news,3/1/2023
BREAKING: Anonymous sources claim the World Health Organization is planning to c,"BREAKING: Anonymous sources claim the World Health Organization is planning to control immigration using a secret immigration chip that doctors don't want you to know about. A miracle public transit remedy discovered by a small-town grandmother is being suppressed by the local school board, sources close to the family claim.",conspiracy,1/16/2023
Is the United Nations secretly working with aliens on public transit? Whistleblo,Is the United Nations secretly working with aliens on public transit? Whistleblower claims are spreading fast across forums despite zero evidence. BREAKING: Anonymous sources claim the World Health Organization is planning to control public transit using a secret public transit chip that doctors don't want you to know about.,News,8/11/2023
"Leaked documents allegedly prove Google rigged the education results, according ","Leaked documents allegedly prove Google rigged the education results, according to a viral post shared thousands of times on social media. Is Stanford University secretly working with aliens on vaccine? Whistleblower claims are spreading fast across forums despite zero evidence.",politics,7/10/2023
You won't believe what NASA is secretly hiding about renewable energy — insiders,You won't believe what NASA is secretly hiding about renewable energy — insiders reveal the shocking truth that the mainstream media refuses to report!!! Shocking video appears to show the United Nations officials admitting they faked the entire public transit crisis to control the population.,politics,4/11/2023
A miracle public transit remedy discovered by a small-town grandmother is being ,"A miracle public transit remedy discovered by a small-town grandmother is being suppressed by the United Nations, sources close to the family claim. Shocking video appears to show City Hall officials admitting they faked the entire renewable energy crisis to control the population.",left-news,5/19/2023
Leaked documents allegedly prove the United Nations rigged the immigration resul,"Leaked documents allegedly prove the United Nations rigged the immigration results, according to a viral post shared thousands of times on social media. You won't believe what the United Nations is secretly hiding about the economy — insiders reveal the shocking truth that the mainstream media refuses to report!!!",politics,6/11/2023
BREAKING: Anonymous sources claim the World Health Organization is planning to c,BREAKING: Anonymous sources claim the World Health Organization is planning to control healthcare using a secret healthcare chip that doctors don't want you to know about. Is the Federal Reserve secretly working with aliens on artificial intelligence? Whistleblower claims are spreading fast across forums despite zero evidence.,left-news,9/10/2023
Leaked documents allegedly prove Stanford University rigged the the economy resu,"Leaked documents allegedly prove Stanford University rigged the the economy results, according to a viral post shared thousands of times on social media. This one weird housing secret City Hall does NOT want you to see — share before it gets deleted forever!",conspiracy,10/28/2023
A miracle education remedy discovered by a small-town grandmother is being suppr,"A miracle education remedy discovered by a small-town grandmother is being suppressed by the Department of Transportation, sources close to the family claim. A miracle education remedy discovered by a small-town grandmother is being suppressed by City Hall, sources close to the family claim.",News,4/7/2023
A miracle renewable energy remedy discovered by a small-town grandmother is bein,"A miracle renewable energy remedy discovered by a small-town grandmother is being suppressed by the local school board, sources close to the family claim. Scientists HATE this one trick that cures elections overnight, and the Federal Reserve is desperately trying to ban it before everyone finds out.",left-news,8/3/2023
BREAKING: Anonymous sources claim the United Nations is planning to control hous,BREAKING: Anonymous sources claim the United Nations is planning to control housing using a secret housing chip that doctors don't want you to know about. This one weird immigration secret the World Health Organization does NOT want you to see — share before it gets deleted forever!,left-news,7/13/2023
You won't believe what the Federal Reserve is secretly hiding about elections — ,You won't believe what the Federal Reserve is secretly hiding about elections — insiders reveal the shocking truth that the mainstream media refuses to report!!! BREAKING: Anonymous sources claim the state legislature is planning to control climate using a secret climate chip that doctors don't want you to know about.,conspiracy,10/11/2023
A miracle vaccine remedy discovered by a small-town grandmother is being suppres,"A miracle vaccine remedy discovered by a small-town grandmother is being suppressed by the Ministry of Health, sources close to the family claim. Leaked documents allegedly prove the Federal Reserve rigged the vaccine results, according to a viral post shared thousands of times on social media.",politics,1/26/2023
A miracle renewable energy remedy discovered by a small-town grandmother is bein,"A miracle renewable energy remedy discovered by a small-town grandmother is being suppressed by NASA, sources close to the family claim. A miracle education remedy discovered by a small-town grandmother is being suppressed by the United Nations, sources close to the family claim.",left-news,10/24/2023
"Scientists HATE this one trick that cures public transit overnight, and the Mini","Scientists HATE this one trick that cures public transit overnight, and the Ministry of Health is desperately trying to ban it before everyone finds out. Shocking video appears to show the United Nations officials admitting they faked the entire cybersecurity crisis to control the population.",News,1/9/2023
Is a major pharmaceutical company secretly working with aliens on the economy? W,Is a major pharmaceutical company secretly working with aliens on the economy? Whistleblower claims are spreading fast across forums despite zero evidence. You won't believe what NASA is secretly hiding about vaccine — insiders reveal the shocking truth that the mainstream media refuses to report!!!,politics,4/27/2023
"Scientists HATE this one trick that cures healthcare overnight, and the World He","Scientists HATE this one trick that cures healthcare overnight, and the World Health Organization is desperately trying to ban it before everyone finds out. Shocking video appears to show a major pharmaceutical company officials admitting they faked the entire renewable energy crisis to control the population.",left-news,10/23/2023
"Scientists HATE this one trick that cures artificial intelligence overnight, and","Scientists HATE this one trick that cures artificial intelligence overnight, and a major pharmaceutical company is desperately trying to ban it before everyone finds out. A miracle vaccine remedy discovered by a small-town grandmother is being suppressed by the World Health Organization, sources close to the family claim.",News,1/15/2023
A miracle healthcare remedy discovered by a small-town grandmother is being supp,"A miracle healthcare remedy discovered by a small-town grandmother is being suppressed by the Ministry of Health, sources close to the family claim. Shocking video appears to show Google officials admitting they faked the entire climate crisis to control the population.",conspiracy,6/6/2023
Shocking video appears to show the Federal Reserve officials admitting they fake,Shocking video appears to show the Federal Reserve officials admitting they faked the entire healthcare crisis to control the population. BREAKING: Anonymous sources claim the local school board is planning to control housing using a secret housing chip that doctors don't want you to know about.,News,12/27/2023
Is the Ministry of Health secretly working with aliens on immigration? Whistlebl,Is the Ministry of Health secretly working with aliens on immigration? Whistleblower claims are spreading fast across forums despite zero evidence. This one weird immigration secret Stanford University does NOT want you to see — share before it gets deleted forever!,News,9/26/2023
This one weird immigration secret a major pharmaceutical company does NOT want y,This one weird immigration secret a major pharmaceutical company does NOT want you to see — share before it gets deleted forever! You won't believe what Stanford University is secretly hiding about vaccine — insiders reveal the shocking truth that the mainstream media refuses to report!!!,conspiracy,8/2/2023
You won't believe what the local school board is secretly hiding about the econo,You won't believe what the local school board is secretly hiding about the economy — insiders reveal the shocking truth that the mainstream media refuses to report!!! BREAKING: Anonymous sources claim a major pharmaceutical company is planning to control artificial intelligence using a secret artificial intelligence chip that doctors don't want you to know about.,conspiracy,1/22/2023
This one weird climate secret City Hall does NOT want you to see — share before ,"This one weird climate secret City Hall does NOT want you to see — share before it gets deleted forever! Leaked documents allegedly prove NASA rigged the artificial intelligence results, according to a viral post shared thousands of times on social media.",left-news,11/11/2023
"Scientists HATE this one trick that cures healthcare overnight, and the World He","Scientists HATE this one trick that cures healthcare overnight, and the World Health Organization is desperately trying to ban it before everyone finds out. Shocking video appears to show the state legislature officials admitting they faked the entire vaccine crisis to control the population.",News,4/18/2023
BREAKING: Anonymous sources claim Google is planning to control elections using ,"BREAKING: Anonymous sources claim Google is planning to control elections using a secret elections chip that doctors don't want you to know about. Leaked documents allegedly prove the United Nations rigged the artificial intelligence results, according to a viral post shared thousands of times on social media.",left-news,3/23/2023
This one weird vaccine secret Stanford University does NOT want you to see — sha,This one weird vaccine secret Stanford University does NOT want you to see — share before it gets deleted forever! Shocking video appears to show Google officials admitting they faked the entire the economy crisis to control the population.,conspiracy,8/17/2023
This one weird the economy secret a major pharmaceutical company does NOT want y,"This one weird the economy secret a major pharmaceutical company does NOT want you to see — share before it gets deleted forever! Scientists HATE this one trick that cures the economy overnight, and Google is desperately trying to ban it before everyone finds out.",News,6/14/2023
Shocking video appears to show NASA officials admitting they faked the entire im,Shocking video appears to show NASA officials admitting they faked the entire immigration crisis to control the population. You won't believe what City Hall is secretly hiding about climate — insiders reveal the shocking truth that the mainstream media refuses to report!!!,left-news,3/4/2023
A miracle artificial intelligence remedy discovered by a small-town grandmother ,"A miracle artificial intelligence remedy discovered by a small-town grandmother is being suppressed by the state legislature, sources close to the family claim. Scientists HATE this one trick that cures healthcare overnight, and the World Health Organization is desperately trying to ban it before everyone finds out.",News,6/25/2023
Is a major pharmaceutical company secretly working with aliens on healthcare? Wh,"Is a major pharmaceutical company secretly working with aliens on healthcare? Whistleblower claims are spreading fast across forums despite zero evidence. A miracle climate remedy discovered by a small-town grandmother is being suppressed by the United Nations, sources close to the family claim.",politics,7/19/2023
You won't believe what the Federal Reserve is secretly hiding about cybersecurit,You won't believe what the Federal Reserve is secretly hiding about cybersecurity — insiders reveal the shocking truth that the mainstream media refuses to report!!! Is the Department of Transportation secretly working with aliens on housing? Whistleblower claims are spreading fast across forums despite zero evidence.,left-news,1/5/2023
You won't believe what City Hall is secretly hiding about climate — insiders rev,You won't believe what City Hall is secretly hiding about climate — insiders reveal the shocking truth that the mainstream media refuses to report!!! This one weird renewable energy secret the Ministry of Health does NOT want you to see — share before it gets deleted forever!,News,2/13/2023
BREAKING: Anonymous sources claim NASA is planning to control vaccine using a se,BREAKING: Anonymous sources claim NASA is planning to control vaccine using a secret vaccine chip that doctors don't want you to know about. This one weird immigration secret the local school board does NOT want you to see — share before it gets deleted forever!,News,3/16/2023
A miracle climate remedy discovered by a small-town grandmother is being suppres,"A miracle climate remedy discovered by a small-town grandmother is being suppressed by the Federal Reserve, sources close to the family claim. You won't believe what the United Nations is secretly hiding about education — insiders reveal the shocking truth that the mainstream media refuses to report!!!",conspiracy,6/18/2023
BREAKING: Anonymous sources claim a major pharmaceutical company is planning to ,"BREAKING: Anonymous sources claim a major pharmaceutical company is planning to control the economy using a secret the economy chip that doctors don't want you to know about. Leaked documents allegedly prove NASA rigged the vaccine results, according to a viral post shared thousands of times on social media.",left-news,4/17/2023
This one weird education secret the state legislature does NOT want you to see —,This one weird education secret the state legislature does NOT want you to see — share before it gets deleted forever! Shocking video appears to show Google officials admitting they faked the entire housing crisis to control the population.,left-news,2/21/2023
Shocking video appears to show City Hall officials admitting they faked the enti,Shocking video appears to show City Hall officials admitting they faked the entire immigration crisis to control the population. You won't believe what the Federal Reserve is secretly hiding about vaccine — insiders reveal the shocking truth that the mainstream media refuses to report!!!,politics,12/21/2023
You won't believe what the Department of Transportation is secretly hiding about,"You won't believe what the Department of Transportation is secretly hiding about healthcare — insiders reveal the shocking truth that the mainstream media refuses to report!!! Leaked documents allegedly prove the United Nations rigged the the economy results, according to a viral post shared thousands of times on social media.",politics,2/21/2023
"Leaked documents allegedly prove NASA rigged the climate results, according to a","Leaked documents allegedly prove NASA rigged the climate results, according to a viral post shared thousands of times on social media. BREAKING: Anonymous sources claim the Ministry of Health is planning to control public transit using a secret public transit chip that doctors don't want you to know about.",News,10/9/2023
You won't believe what the Ministry of Health is secretly hiding about education,You won't believe what the Ministry of Health is secretly hiding about education — insiders reveal the shocking truth that the mainstream media refuses to report!!! BREAKING: Anonymous sources claim the United Nations is planning to control immigration using a secret immigration chip that doctors don't want you to know about.,politics,5/16/2023
BREAKING: Anonymous sources claim the United Nations is planning to control clim,"BREAKING: Anonymous sources claim the United Nations is planning to control climate using a secret climate chip that doctors don't want you to know about. Leaked documents allegedly prove NASA rigged the housing results, according to a viral post shared thousands of times on social media.",News,9/6/2023
"Leaked documents allegedly prove the Federal Reserve rigged the climate results,","Leaked documents allegedly prove the Federal Reserve rigged the climate results, according to a viral post shared thousands of times on social media. Is the state legislature secretly working with aliens on renewable energy? Whistleblower claims are spreading fast across forums despite zero evidence.",News,7/26/2023
BREAKING: Anonymous sources claim a major pharmaceutical company is planning to ,BREAKING: Anonymous sources claim a major pharmaceutical company is planning to control public transit using a secret public transit chip that doctors don't want you to know about. Shocking video appears to show the Ministry of Health officials admitting they faked the entire renewable energy crisis to control the population.,left-news,12/9/2023
Is the United Nations secretly working with aliens on housing? Whistleblower cla,Is the United Nations secretly working with aliens on housing? Whistleblower claims are spreading fast across forums despite zero evidence. You won't believe what Google is secretly hiding about climate — insiders reveal the shocking truth that the mainstream media refuses to report!!!,conspiracy,9/15/2023
Leaked documents allegedly prove the local school board rigged the the economy r,"Leaked documents allegedly prove the local school board rigged the the economy results, according to a viral post shared thousands of times on social media. Scientists HATE this one trick that cures elections overnight, and a major pharmaceutical company is desperately trying to ban it before everyone finds out.",News,5/22/2023
"Scientists HATE this one trick that cures education overnight, and the Federal R","Scientists HATE this one trick that cures education overnight, and the Federal Reserve is desperately trying to ban it before everyone finds out. Shocking video appears to show a major pharmaceutical company officials admitting they faked the entire elections crisis to control the population.",News,5/21/2023
Is Google secretly working with aliens on the economy? Whistleblower claims are ,Is Google secretly working with aliens on the economy? Whistleblower claims are spreading fast across forums despite zero evidence. This one weird education secret the Ministry of Health does NOT want you to see — share before it gets deleted forever!,conspiracy,5/3/2023
This one weird education secret Stanford University does NOT want you to see — s,This one weird education secret Stanford University does NOT want you to see — share before it gets deleted forever! Is City Hall secretly working with aliens on public transit? Whistleblower claims are spreading fast across forums despite zero evidence.,left-news,3/12/2023
Is the Federal Reserve secretly working with aliens on vaccine? Whistleblower cl,Is the Federal Reserve secretly working with aliens on vaccine? Whistleblower claims are spreading fast across forums despite zero evidence. Is a major pharmaceutical company secretly working with aliens on climate? Whistleblower claims are spreading fast across forums despite zero evidence.,conspiracy,6/10/2023
Is the Department of Transportation secretly working with aliens on climate? Whi,Is the Department of Transportation secretly working with aliens on climate? Whistleblower claims are spreading fast across forums despite zero evidence. You won't believe what Google is secretly hiding about healthcare — insiders reveal the shocking truth that the mainstream media refuses to report!!!,News,10/27/2023
You won't believe what the Ministry of Health is secretly hiding about healthcar,You won't believe what the Ministry of Health is secretly hiding about healthcare — insiders reveal the shocking truth that the mainstream media refuses to report!!! BREAKING: Anonymous sources claim the Department of Transportation is planning to control the economy using a secret the economy chip that doctors don't want you to know about.,News,12/8/2023
Leaked documents allegedly prove the state legislature rigged the artificial int,"Leaked documents allegedly prove the state legislature rigged the artificial intelligence results, according to a viral post shared thousands of times on social media. Shocking video appears to show a major pharmaceutical company officials admitting they faked the entire climate crisis to control the population.",left-news,4/26/2023
A miracle public transit remedy discovered by a small-town grandmother is being ,"A miracle public transit remedy discovered by a small-town grandmother is being suppressed by Google, sources close to the family claim. Scientists HATE this one trick that cures artificial intelligence overnight, and Google is desperately trying to ban it before everyone finds out.",conspiracy,6/2/2023
BREAKING: Anonymous sources claim the Department of Transportation is planning t,"BREAKING: Anonymous sources claim the Department of Transportation is planning to control artificial intelligence using a secret artificial intelligence chip that doctors don't want you to know about. A miracle cybersecurity remedy discovered by a small-town grandmother is being suppressed by City Hall, sources close to the family claim.",News,2/1/2023
BREAKING: Anonymous sources claim the state legislature is planning to control t,BREAKING: Anonymous sources claim the state legislature is planning to control the economy using a secret the economy chip that doctors don't want you to know about. This one weird healthcare secret a major pharmaceutical company does NOT want you to see — share before it gets deleted forever!,politics,1/5/2023
Shocking video appears to show the Ministry of Health officials admitting they f,Shocking video appears to show the Ministry of Health officials admitting they faked the entire the economy crisis to control the population. Shocking video appears to show the Federal Reserve officials admitting they faked the entire cybersecurity crisis to control the population.,conspiracy,7/2/2023
Leaked documents allegedly prove the World Health Organization rigged the the ec,"Leaked documents allegedly prove the World Health Organization rigged the the economy results, according to a viral post shared thousands of times on social media. Scientists HATE this one trick that cures housing overnight, and the local school board is desperately trying to ban it before everyone finds out.",politics,10/22/2023
You won't believe what the local school board is secretly hiding about renewable,You won't believe what the local school board is secretly hiding about renewable energy — insiders reveal the shocking truth that the mainstream media refuses to report!!! This one weird artificial intelligence secret City Hall does NOT want you to see — share before it gets deleted forever!,conspiracy,3/16/2023
This one weird public transit secret Google does NOT want you to see — share bef,This one weird public transit secret Google does NOT want you to see — share before it gets deleted forever! Shocking video appears to show a major pharmaceutical company officials admitting they faked the entire public transit crisis to control the population.,conspiracy,3/1/2023
You won't believe what the Federal Reserve is secretly hiding about healthcare —,"You won't believe what the Federal Reserve is secretly hiding about healthcare — insiders reveal the shocking truth that the mainstream media refuses to report!!! Leaked documents allegedly prove the Federal Reserve rigged the education results, according to a viral post shared thousands of times on social media.",left-news,8/14/2023
Leaked documents allegedly prove the World Health Organization rigged the the ec,"Leaked documents allegedly prove the World Health Organization rigged the the economy results, according to a viral post shared thousands of times on social media. BREAKING: Anonymous sources claim NASA is planning to control renewable energy using a secret renewable energy chip that doctors don't want you to know about.",politics,7/21/2023
A miracle climate remedy discovered by a small-town grandmother is being suppres,"A miracle climate remedy discovered by a small-town grandmother is being suppressed by NASA, sources close to the family claim. You won't believe what the World Health Organization is secretly hiding about education — insiders reveal the shocking truth that the mainstream media refuses to report!!!",conspiracy,3/12/2023
You won't believe what the Federal Reserve is secretly hiding about public trans,"You won't believe what the Federal Reserve is secretly hiding about public transit — insiders reveal the shocking truth that the mainstream media refuses to report!!! Leaked documents allegedly prove the Federal Reserve rigged the education results, according to a viral post shared thousands of times on social media.",conspiracy,2/5/2023
A miracle education remedy discovered by a small-town grandmother is being suppr,"A miracle education remedy discovered by a small-town grandmother is being suppressed by Stanford University, sources close to the family claim. Leaked documents allegedly prove the state legislature rigged the artificial intelligence results, according to a viral post shared thousands of times on social media.",left-news,4/24/2023
"Scientists HATE this one trick that cures elections overnight, and the Ministry ","Scientists HATE this one trick that cures elections overnight, and the Ministry of Health is desperately trying to ban it before everyone finds out. BREAKING: Anonymous sources claim Google is planning to control artificial intelligence using a secret artificial intelligence chip that doctors don't want you to know about.",News,5/8/2023
Shocking video appears to show the Ministry of Health officials admitting they f,Shocking video appears to show the Ministry of Health officials admitting they faked the entire immigration crisis to control the population. You won't believe what Stanford University is secretly hiding about cybersecurity — insiders reveal the shocking truth that the mainstream media refuses to report!!!,conspiracy,10/19/2023
"Scientists HATE this one trick that cures elections overnight, and the local sch","Scientists HATE this one trick that cures elections overnight, and the local school board is desperately trying to ban it before everyone finds out. Shocking video appears to show NASA officials admitting they faked the entire the economy crisis to control the population.",News,10/13/2023
"Scientists HATE this one trick that cures climate overnight, and the Ministry of","Scientists HATE this one trick that cures climate overnight, and the Ministry of Health is desperately trying to ban it before everyone finds out. Scientists HATE this one trick that cures climate overnight, and the United Nations is desperately trying to ban it before everyone finds out.",left-news,1/19/2023
"Scientists HATE this one trick that cures vaccine overnight, and the World Healt","Scientists HATE this one trick that cures vaccine overnight, and the World Health Organization is desperately trying to ban it before everyone finds out. You won't believe what a major pharmaceutical company is secretly hiding about education — insiders reveal the shocking truth that the mainstream media refuses to report!!!",politics,3/13/2023
"Leaked documents allegedly prove NASA rigged the healthcare results, according t","Leaked documents allegedly prove NASA rigged the healthcare results, according to a viral post shared thousands of times on social media. Leaked documents allegedly prove City Hall rigged the healthcare results, according to a viral post shared thousands of times on social media.",left-news,8/14/2023
BREAKING: Anonymous sources claim the state legislature is planning to control h,BREAKING: Anonymous sources claim the state legislature is planning to control housing using a secret housing chip that doctors don't want you to know about. Shocking video appears to show a major pharmaceutical company officials admitting they faked the entire renewable energy crisis to control the population.,left-news,4/17/2023
Shocking video appears to show Google officials admitting they faked the entire ,Shocking video appears to show Google officials admitting they faked the entire immigration crisis to control the population. This one weird vaccine secret City Hall does NOT want you to see — share before it gets deleted forever!,conspiracy,8/18/2023
A miracle vaccine remedy discovered by a small-town grandmother is being suppres,"A miracle vaccine remedy discovered by a small-town grandmother is being suppressed by NASA, sources close to the family claim. BREAKING: Anonymous sources claim the local school board is planning to control immigration using a secret immigration chip that doctors don't want you to know about.",politics,12/6/2023
Is the United Nations secretly working with aliens on cybersecurity? Whistleblow,Is the United Nations secretly working with aliens on cybersecurity? Whistleblower claims are spreading fast across forums despite zero evidence. Is the state legislature secretly working with aliens on elections? Whistleblower claims are spreading fast across forums despite zero evidence.,left-news,2/20/2023
This one weird climate secret NASA does NOT want you to see — share before it ge,This one weird climate secret NASA does NOT want you to see — share before it gets deleted forever! BREAKING: Anonymous sources claim City Hall is planning to control the economy using a secret the economy chip that doctors don't want you to know about.,politics,4/6/2023
Leaked documents allegedly prove the Federal Reserve rigged the the economy resu,"Leaked documents allegedly prove the Federal Reserve rigged the the economy results, according to a viral post shared thousands of times on social media. Shocking video appears to show the World Health Organization officials admitting they faked the entire climate crisis to control the population.",left-news,10/20/2023
Shocking video appears to show the Ministry of Health officials admitting they f,Shocking video appears to show the Ministry of Health officials admitting they faked the entire renewable energy crisis to control the population. You won't believe what NASA is secretly hiding about immigration — insiders reveal the shocking truth that the mainstream media refuses to report!!!,left-news,10/24/2023
You won't believe what a major pharmaceutical company is secretly hiding about i,You won't believe what a major pharmaceutical company is secretly hiding about immigration — insiders reveal the shocking truth that the mainstream media refuses to report!!! Is a major pharmaceutical company secretly working with aliens on education? Whistleblower claims are spreading fast across forums despite zero evidence.,politics,11/9/2023
BREAKING: Anonymous sources claim the state legislature is planning to control c,BREAKING: Anonymous sources claim the state legislature is planning to control climate using a secret climate chip that doctors don't want you to know about. Is the Ministry of Health secretly working with aliens on immigration? Whistleblower claims are spreading fast across forums despite zero evidence.,left-news,11/22/2023
You won't believe what the Federal Reserve is secretly hiding about housing — in,"You won't believe what the Federal Reserve is secretly hiding about housing — insiders reveal the shocking truth that the mainstream media refuses to report!!! Scientists HATE this one trick that cures vaccine overnight, and City Hall is desperately trying to ban it before everyone finds out.",left-news,11/1/2023
"Leaked documents allegedly prove NASA rigged the climate results, according to a","Leaked documents allegedly prove NASA rigged the climate results, according to a viral post shared thousands of times on social media. Shocking video appears to show the United Nations officials admitting they faked the entire the economy crisis to control the population.",conspiracy,1/13/2023
This one weird cybersecurity secret NASA does NOT want you to see — share before,This one weird cybersecurity secret NASA does NOT want you to see — share before it gets deleted forever! Is the Department of Transportation secretly working with aliens on vaccine? Whistleblower claims are spreading fast across forums despite zero evidence.,conspiracy,10/17/2023
Shocking video appears to show City Hall officials admitting they faked the enti,Shocking video appears to show City Hall officials admitting they faked the entire housing crisis to control the population. This one weird education secret the local school board does NOT want you to see — share before it gets deleted forever!,left-news,3/24/2023
Is the World Health Organization secretly working with aliens on housing? Whistl,Is the World Health Organization secretly working with aliens on housing? Whistleblower claims are spreading fast across forums despite zero evidence. BREAKING: Anonymous sources claim the state legislature is planning to control immigration using a secret immigration chip that doctors don't want you to know about.,politics,3/25/2023
This one weird immigration secret the Federal Reserve does NOT want you to see —,"This one weird immigration secret the Federal Reserve does NOT want you to see — share before it gets deleted forever! Scientists HATE this one trick that cures education overnight, and the Department of Transportation is desperately trying to ban it before everyone finds out.",conspiracy,5/28/2023
BREAKING: Anonymous sources claim the state legislature is planning to control i,"BREAKING: Anonymous sources claim the state legislature is planning to control immigration using a secret immigration chip that doctors don't want you to know about. Scientists HATE this one trick that cures housing overnight, and a major pharmaceutical company is desperately trying to ban it before everyone finds out.",left-news,9/1/2023
You won't believe what Stanford University is secretly hiding about climate — in,You won't believe what Stanford University is secretly hiding about climate — insiders reveal the shocking truth that the mainstream media refuses to report!!! You won't believe what the Federal Reserve is secretly hiding about housing — insiders reveal the shocking truth that the mainstream media refuses to report!!!,conspiracy,12/24/2023
Leaked documents allegedly prove the Federal Reserve rigged the elections result,"Leaked documents allegedly prove the Federal Reserve rigged the elections results, according to a viral post shared thousands of times on social media. This one weird vaccine secret Stanford University does NOT want you to see — share before it gets deleted forever!",conspiracy,1/22/2023
"Scientists HATE this one trick that cures renewable energy overnight, and NASA i","Scientists HATE this one trick that cures renewable energy overnight, and NASA is desperately trying to ban it before everyone finds out. This one weird immigration secret the Ministry of Health does NOT want you to see — share before it gets deleted forever!",left-news,12/9/2023
This one weird public transit secret NASA does NOT want you to see — share befor,This one weird public transit secret NASA does NOT want you to see — share before it gets deleted forever! Is the Department of Transportation secretly working with aliens on artificial intelligence? Whistleblower claims are spreading fast across forums despite zero evidence.,politics,1/7/2023
BREAKING: Anonymous sources claim the Department of Transportation is planning t,"BREAKING: Anonymous sources claim the Department of Transportation is planning to control renewable energy using a secret renewable energy chip that doctors don't want you to know about. A miracle climate remedy discovered by a small-town grandmother is being suppressed by the World Health Organization, sources close to the family claim.",left-news,4/28/2023
Shocking video appears to show City Hall officials admitting they faked the enti,Shocking video appears to show City Hall officials admitting they faked the entire cybersecurity crisis to control the population. You won't believe what the Ministry of Health is secretly hiding about cybersecurity — insiders reveal the shocking truth that the mainstream media refuses to report!!!,politics,3/28/2023
You won't believe what the state legislature is secretly hiding about climate — ,You won't believe what the state legislature is secretly hiding about climate — insiders reveal the shocking truth that the mainstream media refuses to report!!! BREAKING: Anonymous sources claim the local school board is planning to control cybersecurity using a secret cybersecurity chip that doctors don't want you to know about.,News,6/14/2023
A miracle healthcare remedy discovered by a small-town grandmother is being supp,"A miracle healthcare remedy discovered by a small-town grandmother is being suppressed by the Federal Reserve, sources close to the family claim. BREAKING: Anonymous sources claim the Ministry of Health is planning to control cybersecurity using a secret cybersecurity chip that doctors don't want you to know about.",conspiracy,4/11/2023
BREAKING: Anonymous sources claim the United Nations is planning to control educ,"BREAKING: Anonymous sources claim the United Nations is planning to control education using a secret education chip that doctors don't want you to know about. Scientists HATE this one trick that cures elections overnight, and City Hall is desperately trying to ban it before everyone finds out.",News,3/28/2023
"Scientists HATE this one trick that cures education overnight, and the Departmen","Scientists HATE this one trick that cures education overnight, and the Department of Transportation is desperately trying to ban it before everyone finds out. You won't believe what Google is secretly hiding about public transit — insiders reveal the shocking truth that the mainstream media refuses to report!!!",News,10/19/2023
Is Stanford University secretly working with aliens on renewable energy? Whistle,Is Stanford University secretly working with aliens on renewable energy? Whistleblower claims are spreading fast across forums despite zero evidence. This one weird renewable energy secret the state legislature does NOT want you to see — share before it gets deleted forever!,conspiracy,9/12/2023
Is the state legislature secretly working with aliens on artificial intelligence,Is the state legislature secretly working with aliens on artificial intelligence? Whistleblower claims are spreading fast across forums despite zero evidence. You won't believe what NASA is secretly hiding about education — insiders reveal the shocking truth that the mainstream media refuses to report!!!,politics,5/14/2023
Is the Department of Transportation secretly working with aliens on housing? Whi,"Is the Department of Transportation secretly working with aliens on housing? Whistleblower claims are spreading fast across forums despite zero evidence. Leaked documents allegedly prove the World Health Organization rigged the public transit results, according to a viral post shared thousands of times on social media.",News,3/23/2023
Shocking video appears to show the state legislature officials admitting they fa,Shocking video appears to show the state legislature officials admitting they faked the entire vaccine crisis to control the population. This one weird cybersecurity secret Google does NOT want you to see — share before it gets deleted forever!,left-news,2/13/2023
Is the Federal Reserve secretly working with aliens on immigration? Whistleblowe,Is the Federal Reserve secretly working with aliens on immigration? Whistleblower claims are spreading fast across forums despite zero evidence. You won't believe what a major pharmaceutical company is secretly hiding about climate — insiders reveal the shocking truth that the mainstream media refuses to report!!!,left-news,12/15/2023
This one weird cybersecurity secret the local school board does NOT want you to ,This one weird cybersecurity secret the local school board does NOT want you to see — share before it gets deleted forever! Is the local school board secretly working with aliens on vaccine? Whistleblower claims are spreading fast across forums despite zero evidence.,conspiracy,4/7/2023
You won't believe what the World Health Organization is secretly hiding about cl,You won't believe what the World Health Organization is secretly hiding about climate — insiders reveal the shocking truth that the mainstream media refuses to report!!! BREAKING: Anonymous sources claim the Federal Reserve is planning to control vaccine using a secret vaccine chip that doctors don't want you to know about.,left-news,6/5/2023
"Leaked documents allegedly prove the United Nations rigged the vaccine results, ","Leaked documents allegedly prove the United Nations rigged the vaccine results, according to a viral post shared thousands of times on social media. Shocking video appears to show Stanford University officials admitting they faked the entire education crisis to control the population.",left-news,10/27/2023
BREAKING: Anonymous sources claim a major pharmaceutical company is planning to ,"BREAKING: Anonymous sources claim a major pharmaceutical company is planning to control public transit using a secret public transit chip that doctors don't want you to know about. Scientists HATE this one trick that cures artificial intelligence overnight, and the United Nations is desperately trying to ban it before everyone finds out.",News,12/21/2023
BREAKING: Anonymous sources claim the local school board is planning to control ,"BREAKING: Anonymous sources claim the local school board is planning to control healthcare using a secret healthcare chip that doctors don't want you to know about. Scientists HATE this one trick that cures artificial intelligence overnight, and NASA is desperately trying to ban it before everyone finds out.",conspiracy,8/24/2023
This one weird artificial intelligence secret the United Nations does NOT want y,This one weird artificial intelligence secret the United Nations does NOT want you to see — share before it gets deleted forever! BREAKING: Anonymous sources claim a major pharmaceutical company is planning to control cybersecurity using a secret cybersecurity chip that doctors don't want you to know about.,News,9/19/2023
Is the Ministry of Health secretly working with aliens on healthcare? Whistleblo,"Is the Ministry of Health secretly working with aliens on healthcare? Whistleblower claims are spreading fast across forums despite zero evidence. Scientists HATE this one trick that cures immigration overnight, and the United Nations is desperately trying to ban it before everyone finds out.",politics,12/25/2023
Leaked documents allegedly prove City Hall rigged the artificial intelligence re,"Leaked documents allegedly prove City Hall rigged the artificial intelligence results, according to a viral post shared thousands of times on social media. Leaked documents allegedly prove the Federal Reserve rigged the artificial intelligence results, according to a viral post shared thousands of times on social media.",News,6/11/2023
BREAKING: Anonymous sources claim Stanford University is planning to control hea,BREAKING: Anonymous sources claim Stanford University is planning to control healthcare using a secret healthcare chip that doctors don't want you to know about. You won't believe what the Federal Reserve is secretly hiding about public transit — insiders reveal the shocking truth that the mainstream media refuses to report!!!,politics,8/20/2023
Is the Federal Reserve secretly working with aliens on education? Whistleblower ,Is the Federal Reserve secretly working with aliens on education? Whistleblower claims are spreading fast across forums despite zero evidence. BREAKING: Anonymous sources claim the local school board is planning to control housing using a secret housing chip that doctors don't want you to know about.,conspiracy,12/2/2023
Is the Department of Transportation secretly working with aliens on the economy?,Is the Department of Transportation secretly working with aliens on the economy? Whistleblower claims are spreading fast across forums despite zero evidence. BREAKING: Anonymous sources claim the local school board is planning to control elections using a secret elections chip that doctors don't want you to know about.,politics,1/11/2023
"Leaked documents allegedly prove City Hall rigged the the economy results, accor","Leaked documents allegedly prove City Hall rigged the the economy results, according to a viral post shared thousands of times on social media. Leaked documents allegedly prove the Federal Reserve rigged the climate results, according to a viral post shared thousands of times on social media.",conspiracy,7/13/2023
"Leaked documents allegedly prove Stanford University rigged the housing results,","Leaked documents allegedly prove Stanford University rigged the housing results, according to a viral post shared thousands of times on social media. Is the state legislature secretly working with aliens on artificial intelligence? Whistleblower claims are spreading fast across forums despite zero evidence.",left-news,7/4/2023
"Scientists HATE this one trick that cures renewable energy overnight, and NASA i","Scientists HATE this one trick that cures renewable energy overnight, and NASA is desperately trying to ban it before everyone finds out. Scientists HATE this one trick that cures education overnight, and the Ministry of Health is desperately trying to ban it before everyone finds out.",left-news,1/6/2023
A miracle public transit remedy discovered by a small-town grandmother is being ,"A miracle public transit remedy discovered by a small-town grandmother is being suppressed by Stanford University, sources close to the family claim. BREAKING: Anonymous sources claim Stanford University is planning to control elections using a secret elections chip that doctors don't want you to know about.",left-news,5/8/2023
BREAKING: Anonymous sources claim Google is planning to control vaccine using a ,BREAKING: Anonymous sources claim Google is planning to control vaccine using a secret vaccine chip that doctors don't want you to know about. BREAKING: Anonymous sources claim a major pharmaceutical company is planning to control the economy using a secret the economy chip that doctors don't want you to know about.,News,3/28/2023
A miracle climate remedy discovered by a small-town grandmother is being suppres,"A miracle climate remedy discovered by a small-town grandmother is being suppressed by City Hall, sources close to the family claim. Scientists HATE this one trick that cures public transit overnight, and the Department of Transportation is desperately trying to ban it before everyone finds out.",politics,7/8/2023
BREAKING: Anonymous sources claim the Ministry of Health is planning to control ,"BREAKING: Anonymous sources claim the Ministry of Health is planning to control elections using a secret elections chip that doctors don't want you to know about. Leaked documents allegedly prove the Federal Reserve rigged the housing results, according to a viral post shared thousands of times on social media.",conspiracy,12/20/2023
Leaked documents allegedly prove Stanford University rigged the education result,"Leaked documents allegedly prove Stanford University rigged the education results, according to a viral post shared thousands of times on social media. Leaked documents allegedly prove Stanford University rigged the immigration results, according to a viral post shared thousands of times on social media.",conspiracy,7/13/2023
A miracle vaccine remedy discovered by a small-town grandmother is being suppres,"A miracle vaccine remedy discovered by a small-town grandmother is being suppressed by the World Health Organization, sources close to the family claim. Leaked documents allegedly prove a major pharmaceutical company rigged the housing results, according to a viral post shared thousands of times on social media.",conspiracy,5/4/2023
BREAKING: Anonymous sources claim NASA is planning to control elections using a ,BREAKING: Anonymous sources claim NASA is planning to control elections using a secret elections chip that doctors don't want you to know about. BREAKING: Anonymous sources claim NASA is planning to control healthcare using a secret healthcare chip that doctors don't want you to know about.,News,1/8/2023
Is City Hall secretly working with aliens on vaccine? Whistleblower claims are s,Is City Hall secretly working with aliens on vaccine? Whistleblower claims are spreading fast across forums despite zero evidence. Shocking video appears to show the state legislature officials admitting they faked the entire public transit crisis to control the population.,politics,4/27/2023
Is the state legislature secretly working with aliens on immigration? Whistleblo,Is the state legislature secretly working with aliens on immigration? Whistleblower claims are spreading fast across forums despite zero evidence. You won't believe what Google is secretly hiding about public transit — insiders reveal the shocking truth that the mainstream media refuses to report!!!,News,2/7/2023
Leaked documents allegedly prove the Department of Transportation rigged the hea,"Leaked documents allegedly prove the Department of Transportation rigged the healthcare results, according to a viral post shared thousands of times on social media. BREAKING: Anonymous sources claim the Department of Transportation is planning to control climate using a secret climate chip that doctors don't want you to know about.",politics,9/2/2023
This one weird immigration secret the United Nations does NOT want you to see — ,This one weird immigration secret the United Nations does NOT want you to see — share before it gets deleted forever! This one weird elections secret Google does NOT want you to see — share before it gets deleted forever!,left-news,8/22/2023
A miracle public transit remedy discovered by a small-town grandmother is being ,"A miracle public transit remedy discovered by a small-town grandmother is being suppressed by the state legislature, sources close to the family claim. BREAKING: Anonymous sources claim the Department of Transportation is planning to control immigration using a secret immigration chip that doctors don't want you to know about.",left-news,1/3/2023
This one weird vaccine secret City Hall does NOT want you to see — share before ,This one weird vaccine secret City Hall does NOT want you to see — share before it gets deleted forever! This one weird cybersecurity secret the United Nations does NOT want you to see — share before it gets deleted forever!,left-news,2/19/2023
Is the local school board secretly working with aliens on climate? Whistleblower,Is the local school board secretly working with aliens on climate? Whistleblower claims are spreading fast across forums despite zero evidence. Shocking video appears to show Google officials admitting they faked the entire renewable energy crisis to control the population.,News,11/27/2023
"Scientists HATE this one trick that cures education overnight, and the World Hea","Scientists HATE this one trick that cures education overnight, and the World Health Organization is desperately trying to ban it before everyone finds out. Scientists HATE this one trick that cures renewable energy overnight, and a major pharmaceutical company is desperately trying to ban it before everyone finds out.",News,4/12/2023
A miracle cybersecurity remedy discovered by a small-town grandmother is being s,"A miracle cybersecurity remedy discovered by a small-town grandmother is being suppressed by the state legislature, sources close to the family claim. BREAKING: Anonymous sources claim the Department of Transportation is planning to control vaccine using a secret vaccine chip that doctors don't want you to know about.",News,11/9/2023
This one weird housing secret a major pharmaceutical company does NOT want you t,This one weird housing secret a major pharmaceutical company does NOT want you to see — share before it gets deleted forever! This one weird renewable energy secret Stanford University does NOT want you to see — share before it gets deleted forever!,left-news,12/25/2023
Is the local school board secretly working with aliens on public transit? Whistl,Is the local school board secretly working with aliens on public transit? Whistleblower claims are spreading fast across forums despite zero evidence. BREAKING: Anonymous sources claim NASA is planning to control artificial intelligence using a secret artificial intelligence chip that doctors don't want you to know about.,News,3/12/2023
"Scientists HATE this one trick that cures elections overnight, and the Federal R","Scientists HATE this one trick that cures elections overnight, and the Federal Reserve is desperately trying to ban it before everyone finds out. Shocking video appears to show Google officials admitting they faked the entire the economy crisis to control the population.",left-news,6/15/2023
Leaked documents allegedly prove Google rigged the artificial intelligence resul,"Leaked documents allegedly prove Google rigged the artificial intelligence results, according to a viral post shared thousands of times on social media. Scientists HATE this one trick that cures public transit overnight, and the United Nations is desperately trying to ban it before everyone finds out.",conspiracy,1/10/2023
You won't believe what the Federal Reserve is secretly hiding about healthcare —,"You won't believe what the Federal Reserve is secretly hiding about healthcare — insiders reveal the shocking truth that the mainstream media refuses to report!!! A miracle education remedy discovered by a small-town grandmother is being suppressed by the Department of Transportation, sources close to the family claim.",conspiracy,8/20/2023
A miracle housing remedy discovered by a small-town grandmother is being suppres,"A miracle housing remedy discovered by a small-town grandmother is being suppressed by the local school board, sources close to the family claim. A miracle renewable energy remedy discovered by a small-town grandmother is being suppressed by City Hall, sources close to the family claim.",politics,5/15/2023
This one weird public transit secret the Ministry of Health does NOT want you to,"This one weird public transit secret the Ministry of Health does NOT want you to see — share before it gets deleted forever! A miracle cybersecurity remedy discovered by a small-town grandmother is being suppressed by the state legislature, sources close to the family claim.",politics,1/13/2023
Is the Federal Reserve secretly working with aliens on the economy? Whistleblowe,Is the Federal Reserve secretly working with aliens on the economy? Whistleblower claims are spreading fast across forums despite zero evidence. You won't believe what City Hall is secretly hiding about renewable energy — insiders reveal the shocking truth that the mainstream media refuses to report!!!,News,4/5/2023
A miracle cybersecurity remedy discovered by a small-town grandmother is being s,"A miracle cybersecurity remedy discovered by a small-town grandmother is being suppressed by the Federal Reserve, sources close to the family claim. A miracle elections remedy discovered by a small-town grandmother is being suppressed by the World Health Organization, sources close to the family claim.",conspiracy,8/6/2023
"Scientists HATE this one trick that cures housing overnight, and Stanford Univer","Scientists HATE this one trick that cures housing overnight, and Stanford University is desperately trying to ban it before everyone finds out. A miracle public transit remedy discovered by a small-town grandmother is being suppressed by the Department of Transportation, sources close to the family claim.",politics,3/25/2023
A miracle education remedy discovered by a small-town grandmother is being suppr,"A miracle education remedy discovered by a small-town grandmother is being suppressed by the Department of Transportation, sources close to the family claim. You won't believe what Stanford University is secretly hiding about artificial intelligence — insiders reveal the shocking truth that the mainstream media refuses to report!!!",conspiracy,4/21/2023
This one weird public transit secret the Department of Transportation does NOT w,This one weird public transit secret the Department of Transportation does NOT want you to see — share before it gets deleted forever! BREAKING: Anonymous sources claim the World Health Organization is planning to control education using a secret education chip that doctors don't want you to know about.,conspiracy,4/14/2023
"Scientists HATE this one trick that cures cybersecurity overnight, and the Depar","Scientists HATE this one trick that cures cybersecurity overnight, and the Department of Transportation is desperately trying to ban it before everyone finds out. A miracle housing remedy discovered by a small-town grandmother is being suppressed by Google, sources close to the family claim.",News,9/2/2023
BREAKING: Anonymous sources claim Stanford University is planning to control cyb,BREAKING: Anonymous sources claim Stanford University is planning to control cybersecurity using a secret cybersecurity chip that doctors don't want you to know about. You won't believe what the United Nations is secretly hiding about immigration — insiders reveal the shocking truth that the mainstream media refuses to report!!!,News,2/20/2023
Is the state legislature secretly working with aliens on artificial intelligence,Is the state legislature secretly working with aliens on artificial intelligence? Whistleblower claims are spreading fast across forums despite zero evidence. You won't believe what City Hall is secretly hiding about artificial intelligence — insiders reveal the shocking truth that the mainstream media refuses to report!!!,politics,6/15/2023
BREAKING: Anonymous sources claim the Ministry of Health is planning to control ,"BREAKING: Anonymous sources claim the Ministry of Health is planning to control artificial intelligence using a secret artificial intelligence chip that doctors don't want you to know about. Leaked documents allegedly prove the Department of Transportation rigged the renewable energy results, according to a viral post shared thousands of times on social media.",conspiracy,5/11/2023
You won't believe what the Ministry of Health is secretly hiding about the econo,You won't believe what the Ministry of Health is secretly hiding about the economy — insiders reveal the shocking truth that the mainstream media refuses to report!!! BREAKING: Anonymous sources claim Google is planning to control cybersecurity using a secret cybersecurity chip that doctors don't want you to know about.,News,3/3/2023
Is Google secretly working with aliens on immigration? Whistleblower claims are ,"Is Google secretly working with aliens on immigration? Whistleblower claims are spreading fast across forums despite zero evidence. A miracle public transit remedy discovered by a small-town grandmother is being suppressed by NASA, sources close to the family claim.",left-news,1/1/2023
Shocking video appears to show the state legislature officials admitting they fa,Shocking video appears to show the state legislature officials admitting they faked the entire immigration crisis to control the population. BREAKING: Anonymous sources claim Google is planning to control artificial intelligence using a secret artificial intelligence chip that doctors don't want you to know about.,News,9/2/2023
BREAKING: Anonymous sources claim Stanford University is planning to control hou,BREAKING: Anonymous sources claim Stanford University is planning to control housing using a secret housing chip that doctors don't want you to know about. Is the Ministry of Health secretly working with aliens on public transit? Whistleblower claims are spreading fast across forums despite zero evidence.,politics,7/12/2023
You won't believe what Google is secretly hiding about vaccine — insiders reveal,"You won't believe what Google is secretly hiding about vaccine — insiders reveal the shocking truth that the mainstream media refuses to report!!! A miracle renewable energy remedy discovered by a small-town grandmother is being suppressed by Stanford University, sources close to the family claim.",politics,11/7/2023
