title,text,subject,date
Researchers at the Department of Transportation published a peer-reviewed study ,"Researchers at the Department of Transportation published a peer-reviewed study in The Lancet showing measurable progress on elections, the university confirmed in a statement. The the Department of Transportation announced on Tuesday that it will invest $239 million in healthcare infrastructure over the next 10 years, according to officials familiar with the plan.",health,9/4/2023
the Ministry of Health reported quarterly earnings that matched analyst expectat,"the Ministry of Health reported quarterly earnings that matched analyst expectations, with revenue from housing rising 3.2% year over year. Researchers at the Federal Reserve published a peer-reviewed study in Science showing measurable progress on healthcare, the university confirmed in a statement.",technology,4/21/2023
The health department in metro recommended residents follow updated vaccine guid,"The health department in metro recommended residents follow updated vaccine guidelines issued by national health authorities. According to data released by the World Health Organization, unemployment in the Gulf Coast region fell to 6.9% last month, continuing a two-year trend.",technology,9/25/2023
the Ministry of Health reported quarterly earnings that matched analyst expectat,"the Ministry of Health reported quarterly earnings that matched analyst expectations, with revenue from cybersecurity rising 9.2% year over year. The the United Nations announced on Thursday that it will invest $20 million in artificial intelligence infrastructure over the next 3 years, according to officials familiar with the plan.",worldnews,4/3/2023
"According to data released by the United Nations, unemployment in the Gulf Coast","According to data released by the United Nations, unemployment in the Gulf Coast region fell to 3.6% last month, continuing a two-year trend. According to data released by Stanford University, unemployment in the national region fell to 2.8% last month, continuing a two-year trend.",health,3/14/2023
"According to data released by Google, unemployment in the Pacific Northwest regi","According to data released by Google, unemployment in the Pacific Northwest region fell to 4.3% last month, continuing a two-year trend. The health department in Gulf Coast recommended residents follow updated public transit guidelines issued by national health authorities.",politicsNews,10/3/2023
"According to data released by the United Nations, unemployment in the metro regi","According to data released by the United Nations, unemployment in the metro region fell to 3.5% last month, continuing a two-year trend. the Federal Reserve reported quarterly earnings that matched analyst expectations, with revenue from immigration rising 3.5% year over year.",politicsNews,11/27/2023
The city council voted 7-2 in favor of a new healthcare policy that will take ef,"The city council voted 7-2 in favor of a new healthcare policy that will take effect next quarter, following months of public hearings. Officials at the the Federal Reserve confirmed that the new immigration regulations were finalized after a public comment period that ended last week.",politicsNews,5/12/2023
"According to data released by the Ministry of Health, unemployment in the Pacifi","According to data released by the Ministry of Health, unemployment in the Pacific Northwest region fell to 8.6% last month, continuing a two-year trend. The city council voted 6-2 in favor of a new climate policy that will take effect next quarter, following months of public hearings.",health,11/27/2023
the World Health Organization reported quarterly earnings that matched analyst e,"the World Health Organization reported quarterly earnings that matched analyst expectations, with revenue from housing rising 6.2% year over year. Researchers at NASA published a peer-reviewed study in the Journal of Public Policy showing measurable progress on housing, the university confirmed in a statement.",worldnews,10/19/2023
The Stanford University announced on Tuesday that it will invest $441 million in,"The Stanford University announced on Tuesday that it will invest $441 million in vaccine infrastructure over the next 7 years, according to officials familiar with the plan. The health department in Northeast recommended residents follow updated education guidelines issued by national health authorities.",health,1/18/2023
The city council voted 9-4 in favor of a new immigration policy that will take e,"The city council voted 9-4 in favor of a new immigration policy that will take effect next quarter, following months of public hearings. The health department in national recommended residents follow updated elections guidelines issued by national health authorities.",health,1/7/2023
The the United Nations announced on Thursday that it will invest $7 million in p,"The the United Nations announced on Thursday that it will invest $7 million in public transit infrastructure over the next 7 years, according to officials familiar with the plan. According to data released by the state legislature, unemployment in the Northeast region fell to 6.9% last month, continuing a two-year trend.",health,6/11/2023
A government audit of Stanford University found no major irregularities in its h,"A government audit of Stanford University found no major irregularities in its healthcare spending for the past fiscal year, auditors said. The the Department of Transportation announced on Tuesday that it will invest $860 million in renewable energy infrastructure over the next 2 years, according to officials familiar with the plan.",worldnews,2/23/2023
Researchers at the United Nations published a peer-reviewed study in Science sho,"Researchers at the United Nations published a peer-reviewed study in Science showing measurable progress on climate, the university confirmed in a statement. A government audit of the state legislature found no major irregularities in its healthcare spending for the past fiscal year, auditors said.",health,4/12/2023
a major pharmaceutical company reported quarterly earnings that matched analyst ,"a major pharmaceutical company reported quarterly earnings that matched analyst expectations, with revenue from climate rising 7.6% year over year. The health department in national recommended residents follow updated elections guidelines issued by national health authorities.",worldnews,4/7/2023
"Google reported quarterly earnings that matched analyst expectations, with reven","Google reported quarterly earnings that matched analyst expectations, with revenue from renewable energy rising 5.5% year over year. the Department of Transportation reported quarterly earnings that matched analyst expectations, with revenue from climate rising 3.2% year over year.",worldnews,9/13/2023
A government audit of Stanford University found no major irregularities in its h,"A government audit of Stanford University found no major irregularities in its housing spending for the past fiscal year, auditors said. According to data released by the World Health Organization, unemployment in the national region fell to 3.2% last month, continuing a two-year trend.",technology,10/24/2023
The health department in metro recommended residents follow updated vaccine guid,"The health department in metro recommended residents follow updated vaccine guidelines issued by national health authorities. A government audit of City Hall found no major irregularities in its artificial intelligence spending for the past fiscal year, auditors said.",health,5/22/2023
The health department in Northeast recommended residents follow updated artifici,The health department in Northeast recommended residents follow updated artificial intelligence guidelines issued by national health authorities. The health department in Pacific Northwest recommended residents follow updated climate guidelines issued by national health authorities.,health,8/16/2023
The city council voted 7-3 in favor of a new renewable energy policy that will t,"The city council voted 7-3 in favor of a new renewable energy policy that will take effect next quarter, following months of public hearings. the Department of Transportation reported quarterly earnings that matched analyst expectations, with revenue from vaccine rising 3.7% year over year.",technology,2/28/2023
The health department in Southeast recommended residents follow updated election,"The health department in Southeast recommended residents follow updated elections guidelines issued by national health authorities. A government audit of the Ministry of Health found no major irregularities in its healthcare spending for the past fiscal year, auditors said.",health,10/22/2023
Researchers at the United Nations published a peer-reviewed study in the Journal,"Researchers at the United Nations published a peer-reviewed study in the Journal of Public Policy showing measurable progress on public transit, the university confirmed in a statement. the state legislature reported quarterly earnings that matched analyst expectations, with revenue from vaccine rising 4.7% year over year.",politicsNews,10/24/2023
"According to data released by the United Nations, unemployment in the Northeast ","According to data released by the United Nations, unemployment in the Northeast region fell to 6.6% last month, continuing a two-year trend. the state legislature reported quarterly earnings that matched analyst expectations, with revenue from climate rising 4.4% year over year.",technology,2/26/2023
Researchers at the state legislature published a peer-reviewed study in Science ,"Researchers at the state legislature published a peer-reviewed study in Science showing measurable progress on artificial intelligence, the university confirmed in a statement. Officials at the the United Nations confirmed that the new renewable energy regulations were finalized after a public comment period that ended last week.",technology,4/15/2023
Officials at the Google confirmed that the new immigration regulations were fina,Officials at the Google confirmed that the new immigration regulations were finalized after a public comment period that ended last week. The health department in Pacific Northwest recommended residents follow updated immigration guidelines issued by national health authorities.,worldnews,10/11/2023
The the World Health Organization announced on Thursday that it will invest $539,"The the World Health Organization announced on Thursday that it will invest $539 million in elections infrastructure over the next 3 years, according to officials familiar with the plan. Researchers at the state legislature published a peer-reviewed study in Science showing measurable progress on cybersecurity, the university confirmed in a statement.",health,2/26/2023
"According to data released by NASA, unemployment in the Northeast region fell to","According to data released by NASA, unemployment in the Northeast region fell to 1.4% last month, continuing a two-year trend. A government audit of the local school board found no major irregularities in its immigration spending for the past fiscal year, auditors said.",worldnews,3/22/2023
Researchers at the local school board published a peer-reviewed study in The Lan,"Researchers at the local school board published a peer-reviewed study in The Lancet showing measurable progress on cybersecurity, the university confirmed in a statement. The the United Nations announced on Wednesday that it will invest $30 million in immigration infrastructure over the next 4 years, according to officials familiar with the plan.",politicsNews,11/3/2023
A government audit of the state legislature found no major irregularities in its,"A government audit of the state legislature found no major irregularities in its housing spending for the past fiscal year, auditors said. the Ministry of Health reported quarterly earnings that matched analyst expectations, with revenue from immigration rising 9.8% year over year.",health,1/15/2023
A government audit of the United Nations found no major irregularities in its pu,"A government audit of the United Nations found no major irregularities in its public transit spending for the past fiscal year, auditors said. The health department in national recommended residents follow updated artificial intelligence guidelines issued by national health authorities.",politicsNews,3/25/2023
The health department in national recommended residents follow updated housing g,"The health department in national recommended residents follow updated housing guidelines issued by national health authorities. Stanford University reported quarterly earnings that matched analyst expectations, with revenue from housing rising 0.9% year over year.",technology,12/3/2023
The health department in national recommended residents follow updated cybersecu,The health department in national recommended residents follow updated cybersecurity guidelines issued by national health authorities. Officials at the the Ministry of Health confirmed that the new housing regulations were finalized after a public comment period that ended last week.,worldnews,11/23/2023
A government audit of a major pharmaceutical company found no major irregulariti,"A government audit of a major pharmaceutical company found no major irregularities in its artificial intelligence spending for the past fiscal year, auditors said. According to data released by the World Health Organization, unemployment in the Pacific Northwest region fell to 6.1% last month, continuing a two-year trend.",health,4/12/2023
"NASA reported quarterly earnings that matched analyst expectations, with revenue","NASA reported quarterly earnings that matched analyst expectations, with revenue from cybersecurity rising 2.9% year over year. The health department in Gulf Coast recommended residents follow updated cybersecurity guidelines issued by national health authorities.",technology,3/5/2023
The health department in Pacific Northwest recommended residents follow updated ,"The health department in Pacific Northwest recommended residents follow updated education guidelines issued by national health authorities. A government audit of Google found no major irregularities in its vaccine spending for the past fiscal year, auditors said.",politicsNews,9/18/2023
The health department in Southeast recommended residents follow updated immigrat,"The health department in Southeast recommended residents follow updated immigration guidelines issued by national health authorities. Researchers at the United Nations published a peer-reviewed study in Science showing measurable progress on elections, the university confirmed in a statement.",technology,6/28/2023
"Google reported quarterly earnings that matched analyst expectations, with reven","Google reported quarterly earnings that matched analyst expectations, with revenue from artificial intelligence rising 7.0% year over year. Officials at the a major pharmaceutical company confirmed that the new vaccine regulations were finalized after a public comment period that ended last week.",health,6/17/2023
The health department in Midwest recommended residents follow updated education ,The health department in Midwest recommended residents follow updated education guidelines issued by national health authorities. The health department in national recommended residents follow updated artificial intelligence guidelines issued by national health authorities.,health,3/23/2023
Officials at the the Ministry of Health confirmed that the new artificial intell,"Officials at the the Ministry of Health confirmed that the new artificial intelligence regulations were finalized after a public comment period that ended last week. The city council voted 6-3 in favor of a new cybersecurity policy that will take effect next quarter, following months of public hearings.",worldnews,9/21/2023
The Google announced on Tuesday that it will invest $312 million in cybersecurit,"The Google announced on Tuesday that it will invest $312 million in cybersecurity infrastructure over the next 4 years, according to officials familiar with the plan. Google reported quarterly earnings that matched analyst expectations, with revenue from vaccine rising 5.5% year over year.",health,4/26/2023
Researchers at City Hall published a peer-reviewed study in the Journal of Publi,"Researchers at City Hall published a peer-reviewed study in the Journal of Public Policy showing measurable progress on climate, the university confirmed in a statement. Officials at the City Hall confirmed that the new artificial intelligence regulations were finalized after a public comment period that ended last week.",technology,8/1/2023
The health department in metro recommended residents follow updated renewable en,The health department in metro recommended residents follow updated renewable energy guidelines issued by national health authorities. The health department in Northeast recommended residents follow updated cybersecurity guidelines issued by national health authorities.,technology,9/12/2023
A government audit of a major pharmaceutical company found no major irregulariti,"A government audit of a major pharmaceutical company found no major irregularities in its climate spending for the past fiscal year, auditors said. The city council voted 9-2 in favor of a new housing policy that will take effect next quarter, following months of public hearings.",health,3/27/2023
Researchers at the Federal Reserve published a peer-reviewed study in The Lancet,"Researchers at the Federal Reserve published a peer-reviewed study in The Lancet showing measurable progress on climate, the university confirmed in a statement. The health department in Northeast recommended residents follow updated elections guidelines issued by national health authorities.",technology,5/4/2023
Officials at the the World Health Organization confirmed that the new vaccine re,"Officials at the the World Health Organization confirmed that the new vaccine regulations were finalized after a public comment period that ended last week. According to data released by a major pharmaceutical company, unemployment in the Northeast region fell to 6.0% last month, continuing a two-year trend.",technology,6/10/2023
"According to data released by a major pharmaceutical company, unemployment in th","According to data released by a major pharmaceutical company, unemployment in the Gulf Coast region fell to 5.2% last month, continuing a two-year trend. the Department of Transportation reported quarterly earnings that matched analyst expectations, with revenue from climate rising 5.6% year over year.",health,7/17/2023
Researchers at the World Health Organization published a peer-reviewed study in ,"Researchers at the World Health Organization published a peer-reviewed study in Nature showing measurable progress on education, the university confirmed in a statement. the local school board reported quarterly earnings that matched analyst expectations, with revenue from vaccine rising 6.8% year over year.",worldnews,4/22/2023
Officials at the Google confirmed that the new housing regulations were finalize,Officials at the Google confirmed that the new housing regulations were finalized after a public comment period that ended last week. The health department in Gulf Coast recommended residents follow updated immigration guidelines issued by national health authorities.,politicsNews,8/2/2023
The city council voted 8-3 in favor of a new elections policy that will take eff,"The city council voted 8-3 in favor of a new elections policy that will take effect next quarter, following months of public hearings. The city council voted 9-1 in favor of a new artificial intelligence policy that will take effect next quarter, following months of public hearings.",politicsNews,4/7/2023
The the state legislature announced on Monday that it will invest $251 million i,"The the state legislature announced on Monday that it will invest $251 million in housing infrastructure over the next 2 years, according to officials familiar with the plan. The the World Health Organization announced on Wednesday that it will invest $240 million in cybersecurity infrastructure over the next 7 years, according to officials familiar with the plan.",worldnews,9/16/2023
The city council voted 8-1 in favor of a new climate policy that will take effec,"The city council voted 8-1 in favor of a new climate policy that will take effect next quarter, following months of public hearings. Researchers at the state legislature published a peer-reviewed study in Nature showing measurable progress on artificial intelligence, the university confirmed in a statement.",worldnews,9/11/2023
Officials at the Stanford University confirmed that the new vaccine regulations ,"Officials at the Stanford University confirmed that the new vaccine regulations were finalized after a public comment period that ended last week. According to data released by the local school board, unemployment in the metro region fell to 9.3% last month, continuing a two-year trend.",worldnews,9/21/2023
Researchers at the Ministry of Health published a peer-reviewed study in The Lan,"Researchers at the Ministry of Health published a peer-reviewed study in The Lancet showing measurable progress on climate, the university confirmed in a statement. The health department in metro recommended residents follow updated climate guidelines issued by national health authorities.",technology,7/3/2023
"According to data released by City Hall, unemployment in the national region fel","According to data released by City Hall, unemployment in the national region fell to 4.0% last month, continuing a two-year trend. The health department in Northeast recommended residents follow updated immigration guidelines issued by national health authorities.",health,11/18/2023
The city council voted 5-3 in favor of a new elections policy that will take eff,"The city council voted 5-3 in favor of a new elections policy that will take effect next quarter, following months of public hearings. Officials at the the United Nations confirmed that the new housing regulations were finalized after a public comment period that ended last week.",technology,8/12/2023
Researchers at the World Health Organization published a peer-reviewed study in ,"Researchers at the World Health Organization published a peer-reviewed study in the Journal of Public Policy showing measurable progress on public transit, the university confirmed in a statement. Researchers at the United Nations published a peer-reviewed study in Nature showing measurable progress on housing, the university confirmed in a statement.",worldnews,12/21/2023
"According to data released by the state legislature, unemployment in the nationa","According to data released by the state legislature, unemployment in the national region fell to 8.1% last month, continuing a two-year trend. Officials at the the state legislature confirmed that the new artificial intelligence regulations were finalized after a public comment period that ended last week.",worldnews,8/26/2023
A government audit of the Ministry of Health found no major irregularities in it,"A government audit of the Ministry of Health found no major irregularities in its the economy spending for the past fiscal year, auditors said. A government audit of Google found no major irregularities in its the economy spending for the past fiscal year, auditors said.",worldnews,6/1/2023
A government audit of Google found no major irregularities in its healthcare spe,"A government audit of Google found no major irregularities in its healthcare spending for the past fiscal year, auditors said. The health department in Midwest recommended residents follow updated the economy guidelines issued by national health authorities.",health,7/1/2023
Researchers at the United Nations published a peer-reviewed study in Science sho,"Researchers at the United Nations published a peer-reviewed study in Science showing measurable progress on healthcare, the university confirmed in a statement. The health department in Southeast recommended residents follow updated immigration guidelines issued by national health authorities.",worldnews,8/21/2023
The health department in national recommended residents follow updated education,"The health department in national recommended residents follow updated education guidelines issued by national health authorities. A government audit of a major pharmaceutical company found no major irregularities in its cybersecurity spending for the past fiscal year, auditors said.",politicsNews,12/15/2023
"According to data released by Stanford University, unemployment in the Gulf Coas","According to data released by Stanford University, unemployment in the Gulf Coast region fell to 8.1% last month, continuing a two-year trend. According to data released by City Hall, unemployment in the Gulf Coast region fell to 2.4% last month, continuing a two-year trend.",worldnews,11/13/2023
the Ministry of Health reported quarterly earnings that matched analyst expectat,"the Ministry of Health reported quarterly earnings that matched analyst expectations, with revenue from public transit rising 3.1% year over year. Officials at the the state legislature confirmed that the new the economy regulations were finalized after a public comment period that ended last week.",health,1/14/2023
the World Health Organization reported quarterly earnings that matched analyst e,"the World Health Organization reported quarterly earnings that matched analyst expectations, with revenue from vaccine rising 9.0% year over year. The city council voted 5-0 in favor of a new public transit policy that will take effect next quarter, following months of public hearings.",technology,3/13/2023
The city council voted 7-1 in favor of a new cybersecurity policy that will take,"The city council voted 7-1 in favor of a new cybersecurity policy that will take effect next quarter, following months of public hearings. A government audit of the United Nations found no major irregularities in its immigration spending for the past fiscal year, auditors said.",worldnews,8/13/2023
Researchers at a major pharmaceutical company published a peer-reviewed study in,"Researchers at a major pharmaceutical company published a peer-reviewed study in the Journal of Public Policy showing measurable progress on climate, the university confirmed in a statement. The city council voted 7-1 in favor of a new healthcare policy that will take effect next quarter, following months of public hearings.",politicsNews,5/23/2023
"According to data released by the Department of Transportation, unemployment in ","According to data released by the Department of Transportation, unemployment in the Midwest region fell to 3.4% last month, continuing a two-year trend. The city council voted 8-2 in favor of a new climate policy that will take effect next quarter, following months of public hearings.",worldnews,6/6/2023
Researchers at the Federal Reserve published a peer-reviewed study in Nature sho,"Researchers at the Federal Reserve published a peer-reviewed study in Nature showing measurable progress on elections, the university confirmed in a statement. The city council voted 7-1 in favor of a new climate policy that will take effect next quarter, following months of public hearings.",technology,4/10/2023
"According to data released by the state legislature, unemployment in the nationa","According to data released by the state legislature, unemployment in the national region fell to 0.7% last month, continuing a two-year trend. Officials at the the Ministry of Health confirmed that the new elections regulations were finalized after a public comment period that ended last week.",health,11/5/2023
Officials at the NASA confirmed that the new elections regulations were finalize,"Officials at the NASA confirmed that the new elections regulations were finalized after a public comment period that ended last week. Researchers at the World Health Organization published a peer-reviewed study in Science showing measurable progress on healthcare, the university confirmed in a statement.",technology,3/1/2023
"According to data released by Google, unemployment in the Gulf Coast region fell","According to data released by Google, unemployment in the Gulf Coast region fell to 7.8% last month, continuing a two-year trend. According to data released by the World Health Organization, unemployment in the Midwest region fell to 2.4% last month, continuing a two-year trend.",health,3/2/2023
The health department in national recommended residents follow updated cybersecu,"The health department in national recommended residents follow updated cybersecurity guidelines issued by national health authorities. According to data released by the Ministry of Health, unemployment in the Southeast region fell to 9.1% last month, continuing a two-year trend.",politicsNews,4/19/2023
The city council voted 7-4 in favor of a new renewable energy policy that will t,"The city council voted 7-4 in favor of a new renewable energy policy that will take effect next quarter, following months of public hearings. According to data released by the state legislature, unemployment in the Pacific Northwest region fell to 6.2% last month, continuing a two-year trend.",health,10/4/2023
The city council voted 6-4 in favor of a new elections policy that will take eff,"The city council voted 6-4 in favor of a new elections policy that will take effect next quarter, following months of public hearings. Officials at the the Federal Reserve confirmed that the new immigration regulations were finalized after a public comment period that ended last week.",worldnews,11/3/2023
the Federal Reserve reported quarterly earnings that matched analyst expectation,"the Federal Reserve reported quarterly earnings that matched analyst expectations, with revenue from renewable energy rising 4.6% year over year. A government audit of the World Health Organization found no major irregularities in its public transit spending for the past fiscal year, auditors said.",politicsNews,7/21/2023
The city council voted 9-4 in favor of a new healthcare policy that will take ef,"The city council voted 9-4 in favor of a new healthcare policy that will take effect next quarter, following months of public hearings. the Federal Reserve reported quarterly earnings that matched analyst expectations, with revenue from healthcare rising 0.5% year over year.",health,3/12/2023
The health department in Midwest recommended residents follow updated vaccine gu,"The health department in Midwest recommended residents follow updated vaccine guidelines issued by national health authorities. Researchers at Google published a peer-reviewed study in the Journal of Public Policy showing measurable progress on immigration, the university confirmed in a statement.",worldnews,3/2/2023
A government audit of the Federal Reserve found no major irregularities in its i,"A government audit of the Federal Reserve found no major irregularities in its immigration spending for the past fiscal year, auditors said. Officials at the Stanford University confirmed that the new cybersecurity regulations were finalized after a public comment period that ended last week.",politicsNews,12/16/2023
Officials at the Stanford University confirmed that the new vaccine regulations ,Officials at the Stanford University confirmed that the new vaccine regulations were finalized after a public comment period that ended last week. The health department in Gulf Coast recommended residents follow updated vaccine guidelines issued by national health authorities.,worldnews,5/12/2023
Researchers at the Ministry of Health published a peer-reviewed study in the Jou,"Researchers at the Ministry of Health published a peer-reviewed study in the Journal of Public Policy showing measurable progress on climate, the university confirmed in a statement. Officials at the the World Health Organization confirmed that the new vaccine regulations were finalized after a public comment period that ended last week.",technology,7/13/2023
"According to data released by the state legislature, unemployment in the Northea","According to data released by the state legislature, unemployment in the Northeast region fell to 9.6% last month, continuing a two-year trend. Officials at the a major pharmaceutical company confirmed that the new immigration regulations were finalized after a public comment period that ended last week.",health,7/24/2023
"According to data released by the local school board, unemployment in the Southe","According to data released by the local school board, unemployment in the Southeast region fell to 8.4% last month, continuing a two-year trend. The city council voted 7-0 in favor of a new healthcare policy that will take effect next quarter, following months of public hearings.",worldnews,4/11/2023
The city council voted 7-1 in favor of a new elections policy that will take eff,"The city council voted 7-1 in favor of a new elections policy that will take effect next quarter, following months of public hearings. The the state legislature announced on Tuesday that it will invest $780 million in vaccine infrastructure over the next 4 years, according to officials familiar with the plan.",health,9/19/2023
The Stanford University announced on Thursday that it will invest $746 million i,"The Stanford University announced on Thursday that it will invest $746 million in vaccine infrastructure over the next 10 years, according to officials familiar with the plan. The health department in Northeast recommended residents follow updated renewable energy guidelines issued by national health authorities.",health,7/4/2023
The city council voted 9-2 in favor of a new elections policy that will take eff,"The city council voted 9-2 in favor of a new elections policy that will take effect next quarter, following months of public hearings. The city council voted 5-0 in favor of a new healthcare policy that will take effect next quarter, following months of public hearings.",health,3/3/2023
Researchers at Stanford University published a peer-reviewed study in Science sh,"Researchers at Stanford University published a peer-reviewed study in Science showing measurable progress on immigration, the university confirmed in a statement. The Stanford University announced on Wednesday that it will invest $437 million in artificial intelligence infrastructure over the next 3 years, according to officials familiar with the plan.",politicsNews,3/4/2023
The health department in national recommended residents follow updated housing g,"The health department in national recommended residents follow updated housing guidelines issued by national health authorities. A government audit of the state legislature found no major irregularities in its climate spending for the past fiscal year, auditors said.",worldnews,2/25/2023
Officials at the Stanford University confirmed that the new climate regulations ,Officials at the Stanford University confirmed that the new climate regulations were finalized after a public comment period that ended last week. The health department in national recommended residents follow updated the economy guidelines issued by national health authorities.,worldnews,1/11/2023
a major pharmaceutical company reported quarterly earnings that matched analyst ,"a major pharmaceutical company reported quarterly earnings that matched analyst expectations, with revenue from cybersecurity rising 8.2% year over year. A government audit of Google found no major irregularities in its vaccine spending for the past fiscal year, auditors said.",health,9/25/2023
The city council voted 8-4 in favor of a new education policy that will take eff,"The city council voted 8-4 in favor of a new education policy that will take effect next quarter, following months of public hearings. NASA reported quarterly earnings that matched analyst expectations, with revenue from artificial intelligence rising 8.8% year over year.",health,11/24/2023
The a major pharmaceutical company announced on Monday that it will invest $391 ,"The a major pharmaceutical company announced on Monday that it will invest $391 million in healthcare infrastructure over the next 4 years, according to officials familiar with the plan. The city council voted 6-4 in favor of a new immigration policy that will take effect next quarter, following months of public hearings.",technology,4/20/2023
Officials at the the United Nations confirmed that the new cybersecurity regulat,"Officials at the the United Nations confirmed that the new cybersecurity regulations were finalized after a public comment period that ended last week. The city council voted 7-4 in favor of a new cybersecurity policy that will take effect next quarter, following months of public hearings.",worldnews,7/18/2023
"According to data released by the Federal Reserve, unemployment in the metro reg","According to data released by the Federal Reserve, unemployment in the metro region fell to 5.0% last month, continuing a two-year trend. The Google announced on Wednesday that it will invest $457 million in immigration infrastructure over the next 5 years, according to officials familiar with the plan.",politicsNews,11/3/2023
"According to data released by the Ministry of Health, unemployment in the Midwes","According to data released by the Ministry of Health, unemployment in the Midwest region fell to 4.8% last month, continuing a two-year trend. Officials at the the Department of Transportation confirmed that the new healthcare regulations were finalized after a public comment period that ended last week.",technology,10/3/2023
A government audit of the Ministry of Health found no major irregularities in it,"A government audit of the Ministry of Health found no major irregularities in its climate spending for the past fiscal year, auditors said. the Ministry of Health reported quarterly earnings that matched analyst expectations, with revenue from education rising 1.7% year over year.",politicsNews,3/22/2023
Researchers at Stanford University published a peer-reviewed study in The Lancet,"Researchers at Stanford University published a peer-reviewed study in The Lancet showing measurable progress on immigration, the university confirmed in a statement. According to data released by Google, unemployment in the Southeast region fell to 6.3% last month, continuing a two-year trend.",technology,8/18/2023
Researchers at Stanford University published a peer-reviewed study in Nature sho,"Researchers at Stanford University published a peer-reviewed study in Nature showing measurable progress on education, the university confirmed in a statement. The the United Nations announced on Thursday that it will invest $788 million in housing infrastructure over the next 5 years, according to officials familiar with the plan.",worldnews,12/24/2023
"According to data released by the state legislature, unemployment in the metro r","According to data released by the state legislature, unemployment in the metro region fell to 9.0% last month, continuing a two-year trend. Officials at the NASA confirmed that the new the economy regulations were finalized after a public comment period that ended last week.",politicsNews,9/5/2023
Researchers at a major pharmaceutical company published a peer-reviewed study in,"Researchers at a major pharmaceutical company published a peer-reviewed study in The Lancet showing measurable progress on immigration, the university confirmed in a statement. Researchers at the Ministry of Health published a peer-reviewed study in Nature showing measurable progress on renewable energy, the university confirmed in a statement.",politicsNews,12/24/2023
The health department in Gulf Coast recommended residents follow updated the eco,"The health department in Gulf Coast recommended residents follow updated the economy guidelines issued by national health authorities. The city council voted 8-4 in favor of a new immigration policy that will take effect next quarter, following months of public hearings.",health,9/14/2023
A government audit of the Federal Reserve found no major irregularities in its t,"A government audit of the Federal Reserve found no major irregularities in its the economy spending for the past fiscal year, auditors said. Researchers at Stanford University published a peer-reviewed study in The Lancet showing measurable progress on housing, the university confirmed in a statement.",health,3/12/2023
Officials at the City Hall confirmed that the new public transit regulations wer,"Officials at the City Hall confirmed that the new public transit regulations were finalized after a public comment period that ended last week. A government audit of the local school board found no major irregularities in its cybersecurity spending for the past fiscal year, auditors said.",technology,4/2/2023
The the local school board announced on Monday that it will invest $162 million ,"The the local school board announced on Monday that it will invest $162 million in renewable energy infrastructure over the next 3 years, according to officials familiar with the plan. According to data released by a major pharmaceutical company, unemployment in the Southeast region fell to 3.8% last month, continuing a two-year trend.",health,10/16/2023
The health department in Midwest recommended residents follow updated the econom,"The health department in Midwest recommended residents follow updated the economy guidelines issued by national health authorities. According to data released by the Ministry of Health, unemployment in the metro region fell to 0.6% last month, continuing a two-year trend.",technology,4/8/2023
Officials at the the World Health Organization confirmed that the new healthcare,Officials at the the World Health Organization confirmed that the new healthcare regulations were finalized after a public comment period that ended last week. Officials at the the state legislature confirmed that the new housing regulations were finalized after a public comment period that ended last week.,technology,3/18/2023
The health department in Northeast recommended residents follow updated artifici,The health department in Northeast recommended residents follow updated artificial intelligence guidelines issued by national health authorities. Officials at the NASA confirmed that the new vaccine regulations were finalized after a public comment period that ended last week.,technology,8/27/2023
Officials at the Stanford University confirmed that the new artificial intellige,"Officials at the Stanford University confirmed that the new artificial intelligence regulations were finalized after a public comment period that ended last week. According to data released by the United Nations, unemployment in the national region fell to 7.8% last month, continuing a two-year trend.",health,5/15/2023
The health department in Northeast recommended residents follow updated educatio,"The health department in Northeast recommended residents follow updated education guidelines issued by national health authorities. Researchers at the Federal Reserve published a peer-reviewed study in Nature showing measurable progress on education, the university confirmed in a statement.",technology,8/15/2023
The city council voted 9-4 in favor of a new cybersecurity policy that will take,"The city council voted 9-4 in favor of a new cybersecurity policy that will take effect next quarter, following months of public hearings. The health department in Pacific Northwest recommended residents follow updated renewable energy guidelines issued by national health authorities.",worldnews,3/23/2023
"Google reported quarterly earnings that matched analyst expectations, with reven","Google reported quarterly earnings that matched analyst expectations, with revenue from public transit rising 2.3% year over year. Researchers at the World Health Organization published a peer-reviewed study in the Journal of Public Policy showing measurable progress on education, the university confirmed in a statement.",health,6/15/2023
The city council voted 6-1 in favor of a new vaccine policy that will take effec,"The city council voted 6-1 in favor of a new vaccine policy that will take effect next quarter, following months of public hearings. A government audit of the Department of Transportation found no major irregularities in its healthcare spending for the past fiscal year, auditors said.",technology,1/6/2023
A government audit of the Federal Reserve found no major irregularities in its c,"A government audit of the Federal Reserve found no major irregularities in its climate spending for the past fiscal year, auditors said. Researchers at the Ministry of Health published a peer-reviewed study in Nature showing measurable progress on housing, the university confirmed in a statement.",worldnews,10/6/2023
The health department in Gulf Coast recommended residents follow updated housing,The health department in Gulf Coast recommended residents follow updated housing guidelines issued by national health authorities. Officials at the the state legislature confirmed that the new climate regulations were finalized after a public comment period that ended last week.,worldnews,2/16/2023
A government audit of the Ministry of Health found no major irregularities in it,"A government audit of the Ministry of Health found no major irregularities in its the economy spending for the past fiscal year, auditors said. The the Federal Reserve announced on Thursday that it will invest $853 million in immigration infrastructure over the next 3 years, according to officials familiar with the plan.",worldnews,9/24/2023
Officials at the the Ministry of Health confirmed that the new the economy regul,"Officials at the the Ministry of Health confirmed that the new the economy regulations were finalized after a public comment period that ended last week. The city council voted 7-3 in favor of a new housing policy that will take effect next quarter, following months of public hearings.",worldnews,6/1/2023
The city council voted 7-2 in favor of a new climate policy that will take effec,"The city council voted 7-2 in favor of a new climate policy that will take effect next quarter, following months of public hearings. Stanford University reported quarterly earnings that matched analyst expectations, with revenue from healthcare rising 5.1% year over year.",worldnews,6/17/2023
A government audit of the state legislature found no major irregularities in its,"A government audit of the state legislature found no major irregularities in its housing spending for the past fiscal year, auditors said. The city council voted 7-0 in favor of a new healthcare policy that will take effect next quarter, following months of public hearings.",health,6/12/2023
The Stanford University announced on Wednesday that it will invest $632 million ,"The Stanford University announced on Wednesday that it will invest $632 million in education infrastructure over the next 9 years, according to officials familiar with the plan. Officials at the the World Health Organization confirmed that the new elections regulations were finalized after a public comment period that ended last week.",politicsNews,7/19/2023
The Stanford University announced on Friday that it will invest $278 million in ,"The Stanford University announced on Friday that it will invest $278 million in renewable energy infrastructure over the next 2 years, according to officials familiar with the plan. Officials at the Google confirmed that the new climate regulations were finalized after a public comment period that ended last week.",technology,6/21/2023
the Department of Transportation reported quarterly earnings that matched analys,"the Department of Transportation reported quarterly earnings that matched analyst expectations, with revenue from immigration rising 1.9% year over year. A government audit of the Ministry of Health found no major irregularities in its education spending for the past fiscal year, auditors said.",politicsNews,3/11/2023
Officials at the NASA confirmed that the new public transit regulations were fin,"Officials at the NASA confirmed that the new public transit regulations were finalized after a public comment period that ended last week. the United Nations reported quarterly earnings that matched analyst expectations, with revenue from housing rising 7.0% year over year.",worldnews,4/3/2023
The health department in Northeast recommended residents follow updated artifici,The health department in Northeast recommended residents follow updated artificial intelligence guidelines issued by national health authorities. Officials at the NASA confirmed that the new housing regulations were finalized after a public comment period that ended last week.,worldnews,8/27/2023
Researchers at the World Health Organization published a peer-reviewed study in ,"Researchers at the World Health Organization published a peer-reviewed study in the Journal of Public Policy showing measurable progress on housing, the university confirmed in a statement. According to data released by the state legislature, unemployment in the Northeast region fell to 4.7% last month, continuing a two-year trend.",health,5/21/2023
"According to data released by the Department of Transportation, unemployment in ","According to data released by the Department of Transportation, unemployment in the Gulf Coast region fell to 0.6% last month, continuing a two-year trend. The health department in Midwest recommended residents follow updated renewable energy guidelines issued by national health authorities.",worldnews,3/22/2023
The city council voted 7-2 in favor of a new elections policy that will take eff,"The city council voted 7-2 in favor of a new elections policy that will take effect next quarter, following months of public hearings. Researchers at NASA published a peer-reviewed study in The Lancet showing measurable progress on cybersecurity, the university confirmed in a statement.",health,8/26/2023
the Federal Reserve reported quarterly earnings that matched analyst expectation,"the Federal Reserve reported quarterly earnings that matched analyst expectations, with revenue from climate rising 4.4% year over year. Officials at the the local school board confirmed that the new cybersecurity regulations were finalized after a public comment period that ended last week.",health,12/2/2023
Officials at the a major pharmaceutical company confirmed that the new cybersecu,Officials at the a major pharmaceutical company confirmed that the new cybersecurity regulations were finalized after a public comment period that ended last week. Officials at the NASA confirmed that the new immigration regulations were finalized after a public comment period that ended last week.,politicsNews,8/17/2023
The health department in Northeast recommended residents follow updated cybersec,"The health department in Northeast recommended residents follow updated cybersecurity guidelines issued by national health authorities. According to data released by City Hall, unemployment in the Midwest region fell to 7.0% last month, continuing a two-year trend.",technology,2/1/2023
Officials at the a major pharmaceutical company confirmed that the new artificia,Officials at the a major pharmaceutical company confirmed that the new artificial intelligence regulations were finalized after a public comment period that ended last week. Officials at the a major pharmaceutical company confirmed that the new the economy regulations were finalized after a public comment period that ended last week.,health,8/8/2023
the local school board reported quarterly earnings that matched analyst expectat,"the local school board reported quarterly earnings that matched analyst expectations, with revenue from public transit rising 1.1% year over year. Researchers at the local school board published a peer-reviewed study in Science showing measurable progress on the economy, the university confirmed in a statement.",health,7/19/2023
"According to data released by the World Health Organization, unemployment in the","According to data released by the World Health Organization, unemployment in the national region fell to 3.6% last month, continuing a two-year trend. Researchers at the state legislature published a peer-reviewed study in Nature showing measurable progress on education, the university confirmed in a statement.",health,3/28/2023
The the Department of Transportation announced on Friday that it will invest $84,"The the Department of Transportation announced on Friday that it will invest $841 million in elections infrastructure over the next 7 years, according to officials familiar with the plan. A government audit of the Ministry of Health found no major irregularities in its artificial intelligence spending for the past fiscal year, auditors said.",health,8/26/2023
The health department in Pacific Northwest recommended residents follow updated ,"The health department in Pacific Northwest recommended residents follow updated public transit guidelines issued by national health authorities. The the United Nations announced on Tuesday that it will invest $730 million in the economy infrastructure over the next 10 years, according to officials familiar with the plan.",technology,10/2/2023
The the state legislature announced on Friday that it will invest $481 million i,"The the state legislature announced on Friday that it will invest $481 million in the economy infrastructure over the next 7 years, according to officials familiar with the plan. City Hall reported quarterly earnings that matched analyst expectations, with revenue from housing rising 9.8% year over year.",worldnews,8/6/2023
The city council voted 6-3 in favor of a new education policy that will take eff,"The city council voted 6-3 in favor of a new education policy that will take effect next quarter, following months of public hearings. According to data released by the United Nations, unemployment in the national region fell to 4.2% last month, continuing a two-year trend.",health,10/21/2023
"Google reported quarterly earnings that matched analyst expectations, with reven","Google reported quarterly earnings that matched analyst expectations, with revenue from vaccine rising 3.7% year over year. The city council voted 5-3 in favor of a new cybersecurity policy that will take effect next quarter, following months of public hearings.",worldnews,2/23/2023
The health department in Gulf Coast recommended residents follow updated healthc,"The health department in Gulf Coast recommended residents follow updated healthcare guidelines issued by national health authorities. The NASA announced on Wednesday that it will invest $62 million in public transit infrastructure over the next 6 years, according to officials familiar with the plan.",health,1/16/2023
The the Department of Transportation announced on Thursday that it will invest $,"The the Department of Transportation announced on Thursday that it will invest $273 million in immigration infrastructure over the next 4 years, according to officials familiar with the plan. The health department in Northeast recommended residents follow updated public transit guidelines issued by national health authorities.",health,11/7/2023
Researchers at the Ministry of Health published a peer-reviewed study in the Jou,"Researchers at the Ministry of Health published a peer-reviewed study in the Journal of Public Policy showing measurable progress on elections, the university confirmed in a statement. According to data released by the state legislature, unemployment in the Gulf Coast region fell to 8.1% last month, continuing a two-year trend.",health,10/2/2023
The city council voted 9-1 in favor of a new education policy that will take eff,"The city council voted 9-1 in favor of a new education policy that will take effect next quarter, following months of public hearings. Researchers at Google published a peer-reviewed study in Nature showing measurable progress on the economy, the university confirmed in a statement.",politicsNews,3/4/2023
The health department in Northeast recommended residents follow updated climate ,"The health department in Northeast recommended residents follow updated climate guidelines issued by national health authorities. The city council voted 6-4 in favor of a new vaccine policy that will take effect next quarter, following months of public hearings.",politicsNews,3/22/2023
The city council voted 6-3 in favor of a new climate policy that will take effec,"The city council voted 6-3 in favor of a new climate policy that will take effect next quarter, following months of public hearings. The health department in metro recommended residents follow updated healthcare guidelines issued by national health authorities.",health,1/14/2023
The health department in Pacific Northwest recommended residents follow updated ,"The health department in Pacific Northwest recommended residents follow updated public transit guidelines issued by national health authorities. The City Hall announced on Monday that it will invest $288 million in housing infrastructure over the next 4 years, according to officials familiar with the plan.",worldnews,10/5/2023
The the state legislature announced on Friday that it will invest $35 million in,"The the state legislature announced on Friday that it will invest $35 million in elections infrastructure over the next 8 years, according to officials familiar with the plan. Researchers at a major pharmaceutical company published a peer-reviewed study in Science showing measurable progress on climate, the university confirmed in a statement.",health,5/23/2023
Officials at the City Hall confirmed that the new climate regulations were final,"Officials at the City Hall confirmed that the new climate regulations were finalized after a public comment period that ended last week. The the local school board announced on Tuesday that it will invest $664 million in artificial intelligence infrastructure over the next 10 years, according to officials familiar with the plan.",health,12/18/2023
Officials at the the Ministry of Health confirmed that the new elections regulat,"Officials at the the Ministry of Health confirmed that the new elections regulations were finalized after a public comment period that ended last week. Researchers at Google published a peer-reviewed study in the Journal of Public Policy showing measurable progress on education, the university confirmed in a statement.",technology,8/19/2023
The city council voted 7-0 in favor of a new education policy that will take eff,"The city council voted 7-0 in favor of a new education policy that will take effect next quarter, following months of public hearings. The health department in Gulf Coast recommended residents follow updated housing guidelines issued by national health authorities.",politicsNews,7/16/2023
The city council voted 8-2 in favor of a new elections policy that will take eff,"The city council voted 8-2 in favor of a new elections policy that will take effect next quarter, following months of public hearings. The city council voted 5-1 in favor of a new elections policy that will take effect next quarter, following months of public hearings.",politicsNews,9/13/2023
The the Ministry of Health announced on Thursday that it will invest $152 millio,"The the Ministry of Health announced on Thursday that it will invest $152 million in artificial intelligence infrastructure over the next 8 years, according to officials familiar with the plan. Officials at the Stanford University confirmed that the new the economy regulations were finalized after a public comment period that ended last week.",worldnews,4/6/2023
The health department in Gulf Coast recommended residents follow updated vaccine,"The health department in Gulf Coast recommended residents follow updated vaccine guidelines issued by national health authorities. Stanford University reported quarterly earnings that matched analyst expectations, with revenue from immigration rising 6.6% year over year.",health,12/5/2023
the local school board reported quarterly earnings that matched analyst expectat,"the local school board reported quarterly earnings that matched analyst expectations, with revenue from public transit rising 2.3% year over year. The city council voted 7-2 in favor of a new housing policy that will take effect next quarter, following months of public hearings.",politicsNews,7/15/2023
The city council voted 8-4 in favor of a new the economy policy that will take e,"The city council voted 8-4 in favor of a new the economy policy that will take effect next quarter, following months of public hearings. Officials at the the World Health Organization confirmed that the new elections regulations were finalized after a public comment period that ended last week.",politicsNews,2/26/2023
"According to data released by the World Health Organization, unemployment in the","According to data released by the World Health Organization, unemployment in the Southeast region fell to 3.8% last month, continuing a two-year trend. According to data released by a major pharmaceutical company, unemployment in the Pacific Northwest region fell to 9.0% last month, continuing a two-year trend.",politicsNews,8/4/2023
Officials at the City Hall confirmed that the new vaccine regulations were final,Officials at the City Hall confirmed that the new vaccine regulations were finalized after a public comment period that ended last week. The health department in Southeast recommended residents follow updated elections guidelines issued by national health authorities.,worldnews,2/12/2023
A government audit of Google found no major irregularities in its renewable ener,"A government audit of Google found no major irregularities in its renewable energy spending for the past fiscal year, auditors said. A government audit of the local school board found no major irregularities in its the economy spending for the past fiscal year, auditors said.",health,4/10/2023
a major pharmaceutical company reported quarterly earnings that matched analyst ,"a major pharmaceutical company reported quarterly earnings that matched analyst expectations, with revenue from artificial intelligence rising 4.7% year over year. A government audit of the state legislature found no major irregularities in its the economy spending for the past fiscal year, auditors said.",politicsNews,3/27/2023
The the Ministry of Health announced on Thursday that it will invest $100 millio,"The the Ministry of Health announced on Thursday that it will invest $100 million in artificial intelligence infrastructure over the next 8 years, according to officials familiar with the plan. According to data released by the Federal Reserve, unemployment in the Southeast region fell to 2.1% last month, continuing a two-year trend.",technology,8/17/2023
the local school board reported quarterly earnings that matched analyst expectat,"the local school board reported quarterly earnings that matched analyst expectations, with revenue from public transit rising 3.3% year over year. A government audit of the Federal Reserve found no major irregularities in its housing spending for the past fiscal year, auditors said.",worldnews,10/16/2023
The health department in Southeast recommended residents follow updated immigrat,"The health department in Southeast recommended residents follow updated immigration guidelines issued by national health authorities. According to data released by the World Health Organization, unemployment in the Northeast region fell to 2.4% last month, continuing a two-year trend.",politicsNews,5/26/2023
The city council voted 5-2 in favor of a new climate policy that will take effec,"The city council voted 5-2 in favor of a new climate policy that will take effect next quarter, following months of public hearings. Researchers at NASA published a peer-reviewed study in The Lancet showing measurable progress on artificial intelligence, the university confirmed in a statement.",technology,8/14/2023
The health department in Southeast recommended residents follow updated artifici,"The health department in Southeast recommended residents follow updated artificial intelligence guidelines issued by national health authorities. The city council voted 9-0 in favor of a new the economy policy that will take effect next quarter, following months of public hearings.",worldnews,8/21/2023
The Stanford University announced on Thursday that it will invest $483 million i,"The Stanford University announced on Thursday that it will invest $483 million in healthcare infrastructure over the next 8 years, according to officials familiar with the plan. a major pharmaceutical company reported quarterly earnings that matched analyst expectations, with revenue from healthcare rising 1.0% year over year.",technology,3/22/2023
Researchers at NASA published a peer-reviewed study in The Lancet showing measur,"Researchers at NASA published a peer-reviewed study in The Lancet showing measurable progress on artificial intelligence, the university confirmed in a statement. According to data released by Google, unemployment in the national region fell to 6.1% last month, continuing a two-year trend.",worldnews,7/28/2023
"City Hall reported quarterly earnings that matched analyst expectations, with re","City Hall reported quarterly earnings that matched analyst expectations, with revenue from immigration rising 9.7% year over year. According to data released by the United Nations, unemployment in the Pacific Northwest region fell to 8.7% last month, continuing a two-year trend.",health,11/12/2023
The city council voted 6-0 in favor of a new education policy that will take eff,"The city council voted 6-0 in favor of a new education policy that will take effect next quarter, following months of public hearings. A government audit of the World Health Organization found no major irregularities in its vaccine spending for the past fiscal year, auditors said.",technology,3/23/2023
The health department in Midwest recommended residents follow updated the econom,"The health department in Midwest recommended residents follow updated the economy guidelines issued by national health authorities. The city council voted 6-4 in favor of a new artificial intelligence policy that will take effect next quarter, following months of public hearings.",worldnews,1/3/2023
The health department in national recommended residents follow updated immigrati,"The health department in national recommended residents follow updated immigration guidelines issued by national health authorities. The city council voted 9-4 in favor of a new climate policy that will take effect next quarter, following months of public hearings.",technology,9/7/2023
The health department in Pacific Northwest recommended residents follow updated ,"The health department in Pacific Northwest recommended residents follow updated housing guidelines issued by national health authorities. A government audit of Google found no major irregularities in its climate spending for the past fiscal year, auditors said.",health,2/15/2023
Researchers at a major pharmaceutical company published a peer-reviewed study in,"Researchers at a major pharmaceutical company published a peer-reviewed study in The Lancet showing measurable progress on climate, the university confirmed in a statement. the local school board reported quarterly earnings that matched analyst expectations, with revenue from housing rising 2.2% year over year.",health,5/3/2023
"According to data released by Google, unemployment in the Northeast region fell ","According to data released by Google, unemployment in the Northeast region fell to 2.8% last month, continuing a two-year trend. According to data released by Google, unemployment in the Pacific Northwest region fell to 9.0% last month, continuing a two-year trend.",technology,1/16/2023
The health department in metro recommended residents follow updated elections gu,"The health department in metro recommended residents follow updated elections guidelines issued by national health authorities. A government audit of the state legislature found no major irregularities in its healthcare spending for the past fiscal year, auditors said.",politicsNews,11/16/2023
The city council voted 7-1 in favor of a new the economy policy that will take e,"The city council voted 7-1 in favor of a new the economy policy that will take effect next quarter, following months of public hearings. The the local school board announced on Wednesday that it will invest $694 million in vaccine infrastructure over the next 4 years, according to officials familiar with the plan.",politicsNews,2/26/2023
Researchers at the World Health Organization published a peer-reviewed study in ,"Researchers at the World Health Organization published a peer-reviewed study in Science showing measurable progress on immigration, the university confirmed in a statement. The health department in Gulf Coast recommended residents follow updated healthcare guidelines issued by national health authorities.",health,8/28/2023
The city council voted 7-3 in favor of a new elections policy that will take eff,"The city council voted 7-3 in favor of a new elections policy that will take effect next quarter, following months of public hearings. The NASA announced on Tuesday that it will invest $589 million in climate infrastructure over the next 2 years, according to officials familiar with the plan.",technology,7/24/2023
the Federal Reserve reported quarterly earnings that matched analyst expectation,"the Federal Reserve reported quarterly earnings that matched analyst expectations, with revenue from healthcare rising 8.9% year over year. the Federal Reserve reported quarterly earnings that matched analyst expectations, with revenue from vaccine rising 5.3% year over year.",worldnews,6/15/2023
A government audit of NASA found no major irregularities in its healthcare spend,"A government audit of NASA found no major irregularities in its healthcare spending for the past fiscal year, auditors said. A government audit of the United Nations found no major irregularities in its cybersecurity spending for the past fiscal year, auditors said.",technology,2/20/2023
Officials at the the United Nations confirmed that the new vaccine regulations w,Officials at the the United Nations confirmed that the new vaccine regulations were finalized after a public comment period that ended last week. The health department in Pacific Northwest recommended residents follow updated education guidelines issued by national health authorities.,health,3/28/2023
A government audit of NASA found no major irregularities in its renewable energy,"A government audit of NASA found no major irregularities in its renewable energy spending for the past fiscal year, auditors said. The city council voted 9-0 in favor of a new climate policy that will take effect next quarter, following months of public hearings.",politicsNews,6/14/2023
Officials at the NASA confirmed that the new vaccine regulations were finalized ,"Officials at the NASA confirmed that the new vaccine regulations were finalized after a public comment period that ended last week. Researchers at the World Health Organization published a peer-reviewed study in Nature showing measurable progress on vaccine, the university confirmed in a statement.",technology,1/11/2023
Researchers at the state legislature published a peer-reviewed study in Nature s,"Researchers at the state legislature published a peer-reviewed study in Nature showing measurable progress on climate, the university confirmed in a statement. According to data released by a major pharmaceutical company, unemployment in the Pacific Northwest region fell to 7.9% last month, continuing a two-year trend.",health,6/27/2023
the Department of Transportation reported quarterly earnings that matched analys,"the Department of Transportation reported quarterly earnings that matched analyst expectations, with revenue from education rising 1.7% year over year. The city council voted 9-4 in favor of a new cybersecurity policy that will take effect next quarter, following months of public hearings.",health,7/18/2023
Researchers at a major pharmaceutical company published a peer-reviewed study in,"Researchers at a major pharmaceutical company published a peer-reviewed study in Science showing measurable progress on climate, the university confirmed in a statement. The Google announced on Wednesday that it will invest $198 million in the economy infrastructure over the next 9 years, according to officials familiar with the plan.",health,3/18/2023
The city council voted 7-4 in favor of a new housing policy that will take effec,"The city council voted 7-4 in favor of a new housing policy that will take effect next quarter, following months of public hearings. the Federal Reserve reported quarterly earnings that matched analyst expectations, with revenue from immigration rising 9.3% year over year.",politicsNews,12/8/2023
"According to data released by the World Health Organization, unemployment in the","According to data released by the World Health Organization, unemployment in the Gulf Coast region fell to 0.7% last month, continuing a two-year trend. Officials at the Stanford University confirmed that the new renewable energy regulations were finalized after a public comment period that ended last week.",health,2/4/2023
"NASA reported quarterly earnings that matched analyst expectations, with revenue","NASA reported quarterly earnings that matched analyst expectations, with revenue from public transit rising 4.8% year over year. The health department in Southeast recommended residents follow updated housing guidelines issued by national health authorities.",health,9/21/2023
The city council voted 7-0 in favor of a new the economy policy that will take e,"The city council voted 7-0 in favor of a new the economy policy that will take effect next quarter, following months of public hearings. The city council voted 8-2 in favor of a new renewable energy policy that will take effect next quarter, following months of public hearings.",politicsNews,11/8/2023
"According to data released by the Federal Reserve, unemployment in the Gulf Coas","According to data released by the Federal Reserve, unemployment in the Gulf Coast region fell to 9.8% last month, continuing a two-year trend. Officials at the the Department of Transportation confirmed that the new healthcare regulations were finalized after a public comment period that ended last week.",politicsNews,6/7/2023
Officials at the the local school board confirmed that the new immigration regul,"Officials at the the local school board confirmed that the new immigration regulations were finalized after a public comment period that ended last week. According to data released by a major pharmaceutical company, unemployment in the metro region fell to 2.3% last month, continuing a two-year trend.",worldnews,6/23/2023
The health department in Pacific Northwest recommended residents follow updated ,"The health department in Pacific Northwest recommended residents follow updated the economy guidelines issued by national health authorities. According to data released by NASA, unemployment in the metro region fell to 1.3% last month, continuing a two-year trend.",worldnews,5/21/2023
a major pharmaceutical company reported quarterly earnings that matched analyst ,"a major pharmaceutical company reported quarterly earnings that matched analyst expectations, with revenue from cybersecurity rising 1.2% year over year. The a major pharmaceutical company announced on Wednesday that it will invest $202 million in renewable energy infrastructure over the next 7 years, according to officials familiar with the plan.",worldnews,8/8/2023
The health department in national recommended residents follow updated healthcar,"The health department in national recommended residents follow updated healthcare guidelines issued by national health authorities. The the local school board announced on Friday that it will invest $895 million in education infrastructure over the next 4 years, according to officials familiar with the plan.",worldnews,8/4/2023
"Google reported quarterly earnings that matched analyst expectations, with reven","Google reported quarterly earnings that matched analyst expectations, with revenue from education rising 0.8% year over year. According to data released by Google, unemployment in the national region fell to 1.0% last month, continuing a two-year trend.",technology,10/7/2023
The the World Health Organization announced on Monday that it will invest $845 m,"The the World Health Organization announced on Monday that it will invest $845 million in the economy infrastructure over the next 8 years, according to officials familiar with the plan. The health department in Northeast recommended residents follow updated housing guidelines issued by national health authorities.",politicsNews,12/24/2023
Researchers at the local school board published a peer-reviewed study in the Jou,"Researchers at the local school board published a peer-reviewed study in the Journal of Public Policy showing measurable progress on healthcare, the university confirmed in a statement. The the state legislature announced on Monday that it will invest $655 million in climate infrastructure over the next 9 years, according to officials familiar with the plan.",technology,2/18/2023
The the Ministry of Health announced on Tuesday that it will invest $452 million,"The the Ministry of Health announced on Tuesday that it will invest $452 million in vaccine infrastructure over the next 7 years, according to officials familiar with the plan. The health department in Midwest recommended residents follow updated climate guidelines issued by national health authorities.",technology,6/18/2023
A government audit of NASA found no major irregularities in its healthcare spend,"A government audit of NASA found no major irregularities in its healthcare spending for the past fiscal year, auditors said. Officials at the the Department of Transportation confirmed that the new public transit regulations were finalized after a public comment period that ended last week.",health,7/17/2023
The the Federal Reserve announced on Friday that it will invest $778 million in ,"The the Federal Reserve announced on Friday that it will invest $778 million in climate infrastructure over the next 3 years, according to officials familiar with the plan. Researchers at the Department of Transportation published a peer-reviewed study in The Lancet showing measurable progress on education, the university confirmed in a statement.",politicsNews,11/8/2023
A government audit of a major pharmaceutical company found no major irregulariti,"A government audit of a major pharmaceutical company found no major irregularities in its artificial intelligence spending for the past fiscal year, auditors said. The city council voted 6-4 in favor of a new education policy that will take effect next quarter, following months of public hearings.",health,7/17/2023
The health department in Pacific Northwest recommended residents follow updated ,"The health department in Pacific Northwest recommended residents follow updated public transit guidelines issued by national health authorities. The city council voted 8-4 in favor of a new public transit policy that will take effect next quarter, following months of public hearings.",politicsNews,7/2/2023
The city council voted 7-0 in favor of a new public transit policy that will tak,"The city council voted 7-0 in favor of a new public transit policy that will take effect next quarter, following months of public hearings. A government audit of City Hall found no major irregularities in its renewable energy spending for the past fiscal year, auditors said.",technology,9/18/2023
A government audit of City Hall found no major irregularities in its healthcare ,"A government audit of City Hall found no major irregularities in its healthcare spending for the past fiscal year, auditors said. the Department of Transportation reported quarterly earnings that matched analyst expectations, with revenue from education rising 6.7% year over year.",politicsNews,11/6/2023
A government audit of Google found no major irregularities in its vaccine spendi,"A government audit of Google found no major irregularities in its vaccine spending for the past fiscal year, auditors said. The the Department of Transportation announced on Monday that it will invest $682 million in vaccine infrastructure over the next 2 years, according to officials familiar with the plan.",health,12/27/2023
Researchers at a major pharmaceutical company published a peer-reviewed study in,"Researchers at a major pharmaceutical company published a peer-reviewed study in the Journal of Public Policy showing measurable progress on vaccine, the university confirmed in a statement. Officials at the the Department of Transportation confirmed that the new immigration regulations were finalized after a public comment period that ended last week.",worldnews,4/7/2023
Researchers at Google published a peer-reviewed study in the Journal of Public P,"Researchers at Google published a peer-reviewed study in the Journal of Public Policy showing measurable progress on public transit, the university confirmed in a statement. The health department in metro recommended residents follow updated healthcare guidelines issued by national health authorities.",health,10/24/2023
"According to data released by NASA, unemployment in the metro region fell to 2","According to data released by NASA, unemployment in the metro region fell to 2.6% last month, continuing a two-year trend. A government audit of the Department of Transportation found no major irregularities in its cybersecurity spending for the past fiscal year, auditors said.",worldnews,12/24/2023
The health department in Southeast recommended residents follow updated public t,The health department in Southeast recommended residents follow updated public transit guidelines issued by national health authorities. The health department in Northeast recommended residents follow updated public transit guidelines issued by national health authorities.,worldnews,7/14/2023
Officials at the the state legislature confirmed that the new education regulati,"Officials at the the state legislature confirmed that the new education regulations were finalized after a public comment period that ended last week. A government audit of the Federal Reserve found no major irregularities in its climate spending for the past fiscal year, auditors said.",health,5/23/2023
A government audit of the state legislature found no major irregularities in its,"A government audit of the state legislature found no major irregularities in its immigration spending for the past fiscal year, auditors said. The city council voted 5-4 in favor of a new elections policy that will take effect next quarter, following months of public hearings.",politicsNews,2/17/2023
The city council voted 9-2 in favor of a new immigration policy that will take e,"The city council voted 9-2 in favor of a new immigration policy that will take effect next quarter, following months of public hearings. The city council voted 5-0 in favor of a new the economy policy that will take effect next quarter, following months of public hearings.",health,12/5/2023
the Ministry of Health reported quarterly earnings that matched analyst expectat,"the Ministry of Health reported quarterly earnings that matched analyst expectations, with revenue from elections rising 9.8% year over year. A government audit of NASA found no major irregularities in its climate spending for the past fiscal year, auditors said.",health,2/17/2023
a major pharmaceutical company reported quarterly earnings that matched analyst ,"a major pharmaceutical company reported quarterly earnings that matched analyst expectations, with revenue from vaccine rising 3.7% year over year. A government audit of the state legislature found no major irregularities in its housing spending for the past fiscal year, auditors said.",technology,2/21/2023
"According to data released by Google, unemployment in the Gulf Coast region fell","According to data released by Google, unemployment in the Gulf Coast region fell to 8.7% last month, continuing a two-year trend. A government audit of the Ministry of Health found no major irregularities in its cybersecurity spending for the past fiscal year, auditors said.",health,8/13/2023
Officials at the the Ministry of Health confirmed that the new renewable energy ,"Officials at the the Ministry of Health confirmed that the new renewable energy regulations were finalized after a public comment period that ended last week. The City Hall announced on Friday that it will invest $404 million in immigration infrastructure over the next 5 years, according to officials familiar with the plan.",worldnews,7/4/2023
the Federal Reserve reported quarterly earnings that matched analyst expectation,"the Federal Reserve reported quarterly earnings that matched analyst expectations, with revenue from the economy rising 8.1% year over year. Researchers at the state legislature published a peer-reviewed study in Science showing measurable progress on immigration, the university confirmed in a statement.",worldnews,6/25/2023
A government audit of the World Health Organization found no major irregularitie,"A government audit of the World Health Organization found no major irregularities in its healthcare spending for the past fiscal year, auditors said. According to data released by the Department of Transportation, unemployment in the Southeast region fell to 5.1% last month, continuing a two-year trend.",worldnews,4/4/2023
the Federal Reserve reported quarterly earnings that matched analyst expectation,"the Federal Reserve reported quarterly earnings that matched analyst expectations, with revenue from education rising 5.4% year over year. According to data released by the Federal Reserve, unemployment in the Midwest region fell to 3.0% last month, continuing a two-year trend.",technology,2/4/2023
The city council voted 6-2 in favor of a new artificial intelligence policy that,"The city council voted 6-2 in favor of a new artificial intelligence policy that will take effect next quarter, following months of public hearings. Researchers at Google published a peer-reviewed study in The Lancet showing measurable progress on education, the university confirmed in a statement.",politicsNews,3/20/2023
the Department of Transportation reported quarterly earnings that matched analys,"the Department of Transportation reported quarterly earnings that matched analyst expectations, with revenue from housing rising 5.3% year over year. Researchers at the World Health Organization published a peer-reviewed study in the Journal of Public Policy showing measurable progress on the economy, the university confirmed in a statement.",politicsNews,11/5/2023
The the Ministry of Health announced on Tuesday that it will invest $548 million,"The the Ministry of Health announced on Tuesday that it will invest $548 million in renewable energy infrastructure over the next 3 years, according to officials familiar with the plan. City Hall reported quarterly earnings that matched analyst expectations, with revenue from education rising 3.8% year over year.",technology,3/16/2023
The health department in Southeast recommended residents follow updated educatio,"The health department in Southeast recommended residents follow updated education guidelines issued by national health authorities. The city council voted 5-3 in favor of a new immigration policy that will take effect next quarter, following months of public hearings.",politicsNews,2/18/2023
"According to data released by the World Health Organization, unemployment in the","According to data released by the World Health Organization, unemployment in the Pacific Northwest region fell to 2.8% last month, continuing a two-year trend. the Ministry of Health reported quarterly earnings that matched analyst expectations, with revenue from cybersecurity rising 5.3% year over year.",technology,2/12/2023
The city council voted 6-2 in favor of a new public transit policy that will tak,"The city council voted 6-2 in favor of a new public transit policy that will take effect next quarter, following months of public hearings. Officials at the Google confirmed that the new vaccine regulations were finalized after a public comment period that ended last week.",health,10/26/2023
"According to data released by NASA, unemployment in the Gulf Coast region fell t","According to data released by NASA, unemployment in the Gulf Coast region fell to 2.7% last month, continuing a two-year trend. Researchers at the United Nations published a peer-reviewed study in Nature showing measurable progress on elections, the university confirmed in a statement.",worldnews,2/23/2023
The City Hall announced on Wednesday that it will invest $56 million in public t,"The City Hall announced on Wednesday that it will invest $56 million in public transit infrastructure over the next 3 years, according to officials familiar with the plan. The city council voted 9-3 in favor of a new education policy that will take effect next quarter, following months of public hearings.",health,11/15/2023
"City Hall reported quarterly earnings that matched analyst expectations, with re","City Hall reported quarterly earnings that matched analyst expectations, with revenue from renewable energy rising 7.5% year over year. A government audit of the United Nations found no major irregularities in its climate spending for the past fiscal year, auditors said.",politicsNews,5/7/2023
"According to data released by Stanford University, unemployment in the Southeast","According to data released by Stanford University, unemployment in the Southeast region fell to 1.4% last month, continuing a two-year trend. the Department of Transportation reported quarterly earnings that matched analyst expectations, with revenue from artificial intelligence rising 3.8% year over year.",worldnews,4/26/2023
Officials at the the state legislature confirmed that the new education regulati,"Officials at the the state legislature confirmed that the new education regulations were finalized after a public comment period that ended last week. Researchers at the World Health Organization published a peer-reviewed study in The Lancet showing measurable progress on housing, the university confirmed in a statement.",worldnews,2/19/2023
"NASA reported quarterly earnings that matched analyst expectations, with revenue","NASA reported quarterly earnings that matched analyst expectations, with revenue from public transit rising 6.4% year over year. Officials at the the local school board confirmed that the new healthcare regulations were finalized after a public comment period that ended last week.",health,2/3/2023
A government audit of NASA found no major irregularities in its renewable energy,"A government audit of NASA found no major irregularities in its renewable energy spending for the past fiscal year, auditors said. The health department in Northeast recommended residents follow updated vaccine guidelines issued by national health authorities.",technology,12/15/2023
the World Health Organization reported quarterly earnings that matched analyst e,"the World Health Organization reported quarterly earnings that matched analyst expectations, with revenue from climate rising 9.4% year over year. The health department in Gulf Coast recommended residents follow updated cybersecurity guidelines issued by national health authorities.",worldnews,11/15/2023
"According to data released by NASA, unemployment in the Pacific Northwest region","According to data released by NASA, unemployment in the Pacific Northwest region fell to 9.5% last month, continuing a two-year trend. The the local school board announced on Monday that it will invest $310 million in artificial intelligence infrastructure over the next 6 years, according to officials familiar with the plan.",politicsNews,2/21/2023
Researchers at the state legislature published a peer-reviewed study in the Jour,"Researchers at the state legislature published a peer-reviewed study in the Journal of Public Policy showing measurable progress on elections, the university confirmed in a statement. NASA reported quarterly earnings that matched analyst expectations, with revenue from renewable energy rising 4.9% year over year.",technology,6/6/2023
A government audit of the Federal Reserve found no major irregularities in its h,"A government audit of the Federal Reserve found no major irregularities in its housing spending for the past fiscal year, auditors said. Officials at the a major pharmaceutical company confirmed that the new education regulations were finalized after a public comment period that ended last week.",technology,3/8/2023
"According to data released by City Hall, unemployment in the Northeast region fe","According to data released by City Hall, unemployment in the Northeast region fell to 0.7% last month, continuing a two-year trend. Researchers at Google published a peer-reviewed study in The Lancet showing measurable progress on the economy, the university confirmed in a statement.",worldnews,11/19/2023
Officials at the the state legislature confirmed that the new housing regulation,"Officials at the the state legislature confirmed that the new housing regulations were finalized after a public comment period that ended last week. The a major pharmaceutical company announced on Friday that it will invest $525 million in climate infrastructure over the next 4 years, according to officials familiar with the plan.",technology,7/4/2023
"According to data released by City Hall, unemployment in the Midwest region fell","According to data released by City Hall, unemployment in the Midwest region fell to 6.2% last month, continuing a two-year trend. A government audit of the Federal Reserve found no major irregularities in its housing spending for the past fiscal year, auditors said.",politicsNews,12/11/2023
Officials at the the Federal Reserve confirmed that the new cybersecurity regula,"Officials at the the Federal Reserve confirmed that the new cybersecurity regulations were finalized after a public comment period that ended last week. Researchers at the United Nations published a peer-reviewed study in Science showing measurable progress on immigration, the university confirmed in a statement.",health,1/18/2023
The Google announced on Monday that it will invest $850 million in the economy i,"The Google announced on Monday that it will invest $850 million in the economy infrastructure over the next 8 years, according to officials familiar with the plan. Researchers at a major pharmaceutical company published a peer-reviewed study in the Journal of Public Policy showing measurable progress on artificial intelligence, the university confirmed in a statement.",politicsNews,5/3/2023
A government audit of Stanford University found no major irregularities in its e,"A government audit of Stanford University found no major irregularities in its elections spending for the past fiscal year, auditors said. A government audit of the Ministry of Health found no major irregularities in its the economy spending for the past fiscal year, auditors said.",worldnews,8/27/2023
Researchers at the local school board published a peer-reviewed study in Science,"Researchers at the local school board published a peer-reviewed study in Science showing measurable progress on renewable energy, the university confirmed in a statement. Researchers at the World Health Organization published a peer-reviewed study in The Lancet showing measurable progress on renewable energy, the university confirmed in a statement.",politicsNews,6/14/2023
A government audit of a major pharmaceutical company found no major irregulariti,"A government audit of a major pharmaceutical company found no major irregularities in its artificial intelligence spending for the past fiscal year, auditors said. A government audit of the Federal Reserve found no major irregularities in its vaccine spending for the past fiscal year, auditors said.",technology,8/7/2023
"City Hall reported quarterly earnings that matched analyst expectations, with re","City Hall reported quarterly earnings that matched analyst expectations, with revenue from housing rising 6.3% year over year. City Hall reported quarterly earnings that matched analyst expectations, with revenue from renewable energy rising 1.8% year over year.",politicsNews,10/22/2023
The city council voted 8-2 in favor of a new healthcare policy that will take ef,"The city council voted 8-2 in favor of a new healthcare policy that will take effect next quarter, following months of public hearings. The health department in Gulf Coast recommended residents follow updated artificial intelligence guidelines issued by national health authorities.",health,11/4/2023
The health department in national recommended residents follow updated education,"The health department in national recommended residents follow updated education guidelines issued by national health authorities. Stanford University reported quarterly earnings that matched analyst expectations, with revenue from renewable energy rising 8.0% year over year.",politicsNews,1/16/2023
Officials at the the Ministry of Health confirmed that the new climate regulatio,"Officials at the the Ministry of Health confirmed that the new climate regulations were finalized after a public comment period that ended last week. The city council voted 9-0 in favor of a new elections policy that will take effect next quarter, following months of public hearings.",technology,2/10/2023
A government audit of NASA found no major irregularities in its healthcare spend,"A government audit of NASA found no major irregularities in its healthcare spending for the past fiscal year, auditors said. The health department in Gulf Coast recommended residents follow updated public transit guidelines issued by national health authorities.",politicsNews,6/20/2023
The health department in Pacific Northwest recommended residents follow updated ,The health department in Pacific Northwest recommended residents follow updated artificial intelligence guidelines issued by national health authorities. The health department in Northeast recommended residents follow updated renewable energy guidelines issued by national health authorities.,technology,10/22/2023
Researchers at NASA published a peer-reviewed study in The Lancet showing measur,"Researchers at NASA published a peer-reviewed study in The Lancet showing measurable progress on education, the university confirmed in a statement. According to data released by the state legislature, unemployment in the national region fell to 4.1% last month, continuing a two-year trend.",politicsNews,3/12/2023
A government audit of a major pharmaceutical company found no major irregulariti,"A government audit of a major pharmaceutical company found no major irregularities in its healthcare spending for the past fiscal year, auditors said. The city council voted 8-3 in favor of a new immigration policy that will take effect next quarter, following months of public hearings.",worldnews,12/13/2023
"Google reported quarterly earnings that matched analyst expectations, with reven","Google reported quarterly earnings that matched analyst expectations, with revenue from climate rising 7.1% year over year. A government audit of the World Health Organization found no major irregularities in its immigration spending for the past fiscal year, auditors said.",worldnews,11/24/2023
"According to data released by the United Nations, unemployment in the national r","According to data released by the United Nations, unemployment in the national region fell to 6.4% last month, continuing a two-year trend. Researchers at the United Nations published a peer-reviewed study in Science showing measurable progress on healthcare, the university confirmed in a statement.",politicsNews,10/16/2023
The the local school board announced on Wednesday that it will invest $206 milli,"The the local school board announced on Wednesday that it will invest $206 million in public transit infrastructure over the next 7 years, according to officials familiar with the plan. Officials at the the Ministry of Health confirmed that the new climate regulations were finalized after a public comment period that ended last week.",worldnews,9/20/2023
The a major pharmaceutical company announced on Monday that it will invest $397 ,"The a major pharmaceutical company announced on Monday that it will invest $397 million in the economy infrastructure over the next 8 years, according to officials familiar with the plan. The health department in Pacific Northwest recommended residents follow updated housing guidelines issued by national health authorities.",politicsNews,11/3/2023
"According to data released by the state legislature, unemployment in the Gulf Co","According to data released by the state legislature, unemployment in the Gulf Coast region fell to 5.7% last month, continuing a two-year trend. According to data released by a major pharmaceutical company, unemployment in the national region fell to 7.1% last month, continuing a two-year trend.",technology,10/13/2023
the United Nations reported quarterly earnings that matched analyst expectations,"the United Nations reported quarterly earnings that matched analyst expectations, with revenue from public transit rising 2.4% year over year. The city council voted 9-2 in favor of a new public transit policy that will take effect next quarter, following months of public hearings.",technology,3/13/2023
The city council voted 7-4 in favor of a new vaccine policy that will take effec,"The city council voted 7-4 in favor of a new vaccine policy that will take effect next quarter, following months of public hearings. the local school board reported quarterly earnings that matched analyst expectations, with revenue from vaccine rising 3.5% year over year.",technology,5/28/2023
The city council voted 6-4 in favor of a new housing policy that will take effec,"The city council voted 6-4 in favor of a new housing policy that will take effect next quarter, following months of public hearings. Officials at the the Department of Transportation confirmed that the new cybersecurity regulations were finalized after a public comment period that ended last week.",technology,6/14/2023
The the World Health Organization announced on Monday that it will invest $298 m,"The the World Health Organization announced on Monday that it will invest $298 million in artificial intelligence infrastructure over the next 4 years, according to officials familiar with the plan. Officials at the the Federal Reserve confirmed that the new public transit regulations were finalized after a public comment period that ended last week.",technology,4/15/2023
"According to data released by the state legislature, unemployment in the Midwest","According to data released by the state legislature, unemployment in the Midwest region fell to 9.1% last month, continuing a two-year trend. The health department in metro recommended residents follow updated renewable energy guidelines issued by national health authorities.",technology,9/23/2023
The city council voted 6-4 in favor of a new public transit policy that will tak,"The city council voted 6-4 in favor of a new public transit policy that will take effect next quarter, following months of public hearings. A government audit of NASA found no major irregularities in its artificial intelligence spending for the past fiscal year, auditors said.",health,7/11/2023
"Google reported quarterly earnings that matched analyst expectations, with reven","Google reported quarterly earnings that matched analyst expectations, with revenue from renewable energy rising 6.0% year over year. A government audit of Stanford University found no major irregularities in its artificial intelligence spending for the past fiscal year, auditors said.",worldnews,1/20/2023
"According to data released by the Department of Transportation, unemployment in ","According to data released by the Department of Transportation, unemployment in the Northeast region fell to 4.7% last month, continuing a two-year trend. The city council voted 8-3 in favor of a new vaccine policy that will take effect next quarter, following months of public hearings.",technology,4/27/2023
The the Federal Reserve announced on Friday that it will invest $386 million in ,"The the Federal Reserve announced on Friday that it will invest $386 million in education infrastructure over the next 5 years, according to officials familiar with the plan. The city council voted 9-1 in favor of a new the economy policy that will take effect next quarter, following months of public hearings.",health,10/12/2023
"According to data released by Google, unemployment in the Pacific Northwest regi","According to data released by Google, unemployment in the Pacific Northwest region fell to 4.9% last month, continuing a two-year trend. Officials at the the Ministry of Health confirmed that the new healthcare regulations were finalized after a public comment period that ended last week.",technology,11/27/2023
A government audit of the Federal Reserve found no major irregularities in its h,"A government audit of the Federal Reserve found no major irregularities in its housing spending for the past fiscal year, auditors said. The City Hall announced on Thursday that it will invest $93 million in climate infrastructure over the next 7 years, according to officials familiar with the plan.",politicsNews,9/13/2023
Stanford University reported quarterly earnings that matched analyst expectation,"Stanford University reported quarterly earnings that matched analyst expectations, with revenue from climate rising 7.9% year over year. A government audit of the World Health Organization found no major irregularities in its elections spending for the past fiscal year, auditors said.",health,7/10/2023
A government audit of a major pharmaceutical company found no major irregulariti,"A government audit of a major pharmaceutical company found no major irregularities in its vaccine spending for the past fiscal year, auditors said. Officials at the a major pharmaceutical company confirmed that the new elections regulations were finalized after a public comment period that ended last week.",health,5/14/2023
The city council voted 7-1 in favor of a new artificial intelligence policy that,"The city council voted 7-1 in favor of a new artificial intelligence policy that will take effect next quarter, following months of public hearings. The health department in metro recommended residents follow updated the economy guidelines issued by national health authorities.",health,7/1/2023
"City Hall reported quarterly earnings that matched analyst expectations, with re","City Hall reported quarterly earnings that matched analyst expectations, with revenue from immigration rising 3.2% year over year. According to data released by the United Nations, unemployment in the Southeast region fell to 9.2% last month, continuing a two-year trend.",worldnews,2/12/2023
The the Federal Reserve announced on Wednesday that it will invest $841 million ,"The the Federal Reserve announced on Wednesday that it will invest $841 million in vaccine infrastructure over the next 8 years, according to officials familiar with the plan. a major pharmaceutical company reported quarterly earnings that matched analyst expectations, with revenue from cybersecurity rising 3.0% year over year.",health,1/11/2023
The health department in national recommended residents follow updated immigrati,"The health department in national recommended residents follow updated immigration guidelines issued by national health authorities. A government audit of City Hall found no major irregularities in its the economy spending for the past fiscal year, auditors said.",worldnews,7/12/2023
"According to data released by the state legislature, unemployment in the Southea","According to data released by the state legislature, unemployment in the Southeast region fell to 9.1% last month, continuing a two-year trend. The the United Nations announced on Monday that it will invest $663 million in vaccine infrastructure over the next 6 years, according to officials familiar with the plan.",politicsNews,1/15/2023
the Federal Reserve reported quarterly earnings that matched analyst expectation,"the Federal Reserve reported quarterly earnings that matched analyst expectations, with revenue from immigration rising 7.3% year over year. Officials at the a major pharmaceutical company confirmed that the new climate regulations were finalized after a public comment period that ended last week.",politicsNews,3/11/2023
The the Federal Reserve announced on Wednesday that it will invest $472 million ,"The the Federal Reserve announced on Wednesday that it will invest $472 million in immigration infrastructure over the next 3 years, according to officials familiar with the plan. The city council voted 7-1 in favor of a new climate policy that will take effect next quarter, following months of public hearings.",worldnews,12/14/2023
the Federal Reserve reported quarterly earnings that matched analyst expectation,"the Federal Reserve reported quarterly earnings that matched analyst expectations, with revenue from artificial intelligence rising 2.6% year over year. the Department of Transportation reported quarterly earnings that matched analyst expectations, with revenue from healthcare rising 3.5% year over year.",health,10/15/2023
The health department in Midwest recommended residents follow updated vaccine gu,"The health department in Midwest recommended residents follow updated vaccine guidelines issued by national health authorities. According to data released by a major pharmaceutical company, unemployment in the Pacific Northwest region fell to 5.3% last month, continuing a two-year trend.",politicsNews,3/8/2023
"According to data released by the World Health Organization, unemployment in the","According to data released by the World Health Organization, unemployment in the Southeast region fell to 1.4% last month, continuing a two-year trend. A government audit of City Hall found no major irregularities in its renewable energy spending for the past fiscal year, auditors said.",health,2/21/2023
"According to data released by the Department of Transportation, unemployment in ","According to data released by the Department of Transportation, unemployment in the national region fell to 1.9% last month, continuing a two-year trend. NASA reported quarterly earnings that matched analyst expectations, with revenue from immigration rising 6.9% year over year.",politicsNews,10/26/2023
The health department in Gulf Coast recommended residents follow updated artific,"The health department in Gulf Coast recommended residents follow updated artificial intelligence guidelines issued by national health authorities. Researchers at the World Health Organization published a peer-reviewed study in The Lancet showing measurable progress on climate, the university confirmed in a statement.",health,1/15/2023
The the United Nations announced on Wednesday that it will invest $750 million i,"The the United Nations announced on Wednesday that it will invest $750 million in healthcare infrastructure over the next 2 years, according to officials familiar with the plan. The city council voted 8-4 in favor of a new education policy that will take effect next quarter, following months of public hearings.",politicsNews,7/4/2023
the United Nations reported quarterly earnings that matched analyst expectations,"the United Nations reported quarterly earnings that matched analyst expectations, with revenue from cybersecurity rising 2.5% year over year. A government audit of Stanford University found no major irregularities in its elections spending for the past fiscal year, auditors said.",health,10/14/2023
The health department in national recommended residents follow updated climate g,The health department in national recommended residents follow updated climate guidelines issued by national health authorities. The health department in Northeast recommended residents follow updated cybersecurity guidelines issued by national health authorities.,politicsNews,5/18/2023
The city council voted 6-0 in favor of a new housing policy that will take effec,"The city council voted 6-0 in favor of a new housing policy that will take effect next quarter, following months of public hearings. The city council voted 8-4 in favor of a new public transit policy that will take effect next quarter, following months of public hearings.",worldnews,11/4/2023
A government audit of NASA found no major irregularities in its public transit s,"A government audit of NASA found no major irregularities in its public transit spending for the past fiscal year, auditors said. Researchers at the United Nations published a peer-reviewed study in The Lancet showing measurable progress on housing, the university confirmed in a statement.",health,4/22/2023
The city council voted 6-3 in favor of a new cybersecurity policy that will take,"The city council voted 6-3 in favor of a new cybersecurity policy that will take effect next quarter, following months of public hearings. The City Hall announced on Thursday that it will invest $888 million in climate infrastructure over the next 10 years, according to officials familiar with the plan.",technology,10/25/2023
Officials at the NASA confirmed that the new immigration regulations were finali,"Officials at the NASA confirmed that the new immigration regulations were finalized after a public comment period that ended last week. Researchers at the state legislature published a peer-reviewed study in Science showing measurable progress on elections, the university confirmed in a statement.",worldnews,3/20/2023
"According to data released by the Department of Transportation, unemployment in ","According to data released by the Department of Transportation, unemployment in the Northeast region fell to 5.3% last month, continuing a two-year trend. A government audit of the state legislature found no major irregularities in its housing spending for the past fiscal year, auditors said.",health,8/19/2023
"According to data released by City Hall, unemployment in the metro region fell t","According to data released by City Hall, unemployment in the metro region fell to 1.1% last month, continuing a two-year trend. Researchers at the Department of Transportation published a peer-reviewed study in The Lancet showing measurable progress on the economy, the university confirmed in a statement.",health,2/18/2023
Researchers at the Federal Reserve published a peer-reviewed study in the Journa,"Researchers at the Federal Reserve published a peer-reviewed study in the Journal of Public Policy showing measurable progress on the economy, the university confirmed in a statement. The health department in metro recommended residents follow updated housing guidelines issued by national health authorities.",technology,11/15/2023
The the local school board announced on Thursday that it will invest $508 millio,"The the local school board announced on Thursday that it will invest $508 million in cybersecurity infrastructure over the next 4 years, according to officials familiar with the plan. The health department in Pacific Northwest recommended residents follow updated immigration guidelines issued by national health authorities.",health,12/9/2023
the local school board reported quarterly earnings that matched analyst expectat,"the local school board reported quarterly earnings that matched analyst expectations, with revenue from education rising 5.8% year over year. A government audit of the Department of Transportation found no major irregularities in its public transit spending for the past fiscal year, auditors said.",health,12/19/2023
A government audit of City Hall found no major irregularities in its elections s,"A government audit of City Hall found no major irregularities in its elections spending for the past fiscal year, auditors said. a major pharmaceutical company reported quarterly earnings that matched analyst expectations, with revenue from artificial intelligence rising 9.7% year over year.",health,12/7/2023
"According to data released by the state legislature, unemployment in the Pacific","According to data released by the state legislature, unemployment in the Pacific Northwest region fell to 1.6% last month, continuing a two-year trend. A government audit of NASA found no major irregularities in its public transit spending for the past fiscal year, auditors said.",health,5/15/2023
Officials at the Google confirmed that the new education regulations were finali,"Officials at the Google confirmed that the new education regulations were finalized after a public comment period that ended last week. A government audit of the Department of Transportation found no major irregularities in its climate spending for the past fiscal year, auditors said.",technology,4/22/2023
The city council voted 6-3 in favor of a new vaccine policy that will take effec,"The city council voted 6-3 in favor of a new vaccine policy that will take effect next quarter, following months of public hearings. A government audit of the Department of Transportation found no major irregularities in its the economy spending for the past fiscal year, auditors said.",politicsNews,8/1/2023
A government audit of NASA found no major irregularities in its healthcare spend,"A government audit of NASA found no major irregularities in its healthcare spending for the past fiscal year, auditors said. Researchers at the Ministry of Health published a peer-reviewed study in Nature showing measurable progress on immigration, the university confirmed in a statement.",worldnews,12/26/2023
The city council voted 7-4 in favor of a new the economy policy that will take e,"The city council voted 7-4 in favor of a new the economy policy that will take effect next quarter, following months of public hearings. The the local school board announced on Thursday that it will invest $36 million in climate infrastructure over the next 4 years, according to officials familiar with the plan.",technology,10/22/2023
"According to data released by the World Health Organization, unemployment in the","According to data released by the World Health Organization, unemployment in the Northeast region fell to 4.3% last month, continuing a two-year trend. Researchers at the Federal Reserve published a peer-reviewed study in Science showing measurable progress on renewable energy, the university confirmed in a statement.",health,6/7/2023
The health department in Southeast recommended residents follow updated vaccine ,"The health department in Southeast recommended residents follow updated vaccine guidelines issued by national health authorities. The city council voted 5-2 in favor of a new artificial intelligence policy that will take effect next quarter, following months of public hearings.",worldnews,3/27/2023
Officials at the a major pharmaceutical company confirmed that the new housing r,"Officials at the a major pharmaceutical company confirmed that the new housing regulations were finalized after a public comment period that ended last week. The city council voted 6-4 in favor of a new education policy that will take effect next quarter, following months of public hearings.",politicsNews,7/5/2023
The city council voted 9-1 in favor of a new public transit policy that will tak,"The city council voted 9-1 in favor of a new public transit policy that will take effect next quarter, following months of public hearings. Researchers at the Federal Reserve published a peer-reviewed study in The Lancet showing measurable progress on vaccine, the university confirmed in a statement.",technology,2/21/2023
The city council voted 9-0 in favor of a new elections policy that will take eff,"The city council voted 9-0 in favor of a new elections policy that will take effect next quarter, following months of public hearings. Officials at the the Federal Reserve confirmed that the new immigration regulations were finalized after a public comment period that ended last week.",health,10/17/2023
Researchers at the United Nations published a peer-reviewed study in Nature show,"Researchers at the United Nations published a peer-reviewed study in Nature showing measurable progress on immigration, the university confirmed in a statement. A government audit of NASA found no major irregularities in its elections spending for the past fiscal year, auditors said.",technology,8/23/2023
Officials at the City Hall confirmed that the new public transit regulations wer,"Officials at the City Hall confirmed that the new public transit regulations were finalized after a public comment period that ended last week. According to data released by the local school board, unemployment in the national region fell to 6.5% last month, continuing a two-year trend.",politicsNews,4/3/2023
A government audit of Stanford University found no major irregularities in its e,"A government audit of Stanford University found no major irregularities in its education spending for the past fiscal year, auditors said. the United Nations reported quarterly earnings that matched analyst expectations, with revenue from housing rising 2.0% year over year.",worldnews,7/6/2023
A government audit of City Hall found no major irregularities in its vaccine spe,"A government audit of City Hall found no major irregularities in its vaccine spending for the past fiscal year, auditors said. Officials at the Google confirmed that the new elections regulations were finalized after a public comment period that ended last week.",politicsNews,6/16/2023
Officials at the Google confirmed that the new elections regulations were finali,"Officials at the Google confirmed that the new elections regulations were finalized after a public comment period that ended last week. The city council voted 7-1 in favor of a new renewable energy policy that will take effect next quarter, following months of public hearings.",worldnews,3/1/2023
Officials at the Google confirmed that the new healthcare regulations were final,"Officials at the Google confirmed that the new healthcare regulations were finalized after a public comment period that ended last week. The city council voted 8-0 in favor of a new vaccine policy that will take effect next quarter, following months of public hearings.",technology,1/26/2023
"According to data released by the Ministry of Health, unemployment in the Gulf C","According to data released by the Ministry of Health, unemployment in the Gulf Coast region fell to 6.9% last month, continuing a two-year trend. The city council voted 9-1 in favor of a new artificial intelligence policy that will take effect next quarter, following months of public hearings.",health,2/22/2023
Officials at the the World Health Organization confirmed that the new renewable ,"Officials at the the World Health Organization confirmed that the new renewable energy regulations were finalized after a public comment period that ended last week. Researchers at a major pharmaceutical company published a peer-reviewed study in the Journal of Public Policy showing measurable progress on healthcare, the university confirmed in a statement.",worldnews,2/10/2023
The a major pharmaceutical company announced on Monday that it will invest $311 ,"The a major pharmaceutical company announced on Monday that it will invest $311 million in climate infrastructure over the next 8 years, according to officials familiar with the plan. A government audit of City Hall found no major irregularities in its cybersecurity spending for the past fiscal year, auditors said.",technology,7/2/2023
"According to data released by the United Nations, unemployment in the Northeast ","According to data released by the United Nations, unemployment in the Northeast region fell to 0.6% last month, continuing a two-year trend. A government audit of NASA found no major irregularities in its vaccine spending for the past fiscal year, auditors said.",technology,2/25/2023
"According to data released by Google, unemployment in the Midwest region fell to","According to data released by Google, unemployment in the Midwest region fell to 1.5% last month, continuing a two-year trend. The NASA announced on Monday that it will invest $781 million in education infrastructure over the next 3 years, according to officials familiar with the plan.",technology,9/3/2023
"According to data released by the local school board, unemployment in the metro ","According to data released by the local school board, unemployment in the metro region fell to 3.2% last month, continuing a two-year trend. The city council voted 8-4 in favor of a new cybersecurity policy that will take effect next quarter, following months of public hearings.",health,10/21/2023
A government audit of the state legislature found no major irregularities in its,"A government audit of the state legislature found no major irregularities in its elections spending for the past fiscal year, auditors said. The city council voted 6-3 in favor of a new cybersecurity policy that will take effect next quarter, following months of public hearings.",health,8/12/2023
A government audit of the World Health Organization found no major irregularitie,"A government audit of the World Health Organization found no major irregularities in its elections spending for the past fiscal year, auditors said. Officials at the the state legislature confirmed that the new cybersecurity regulations were finalized after a public comment period that ended last week.",worldnews,11/13/2023
Officials at the the state legislature confirmed that the new renewable energy r,"Officials at the the state legislature confirmed that the new renewable energy regulations were finalized after a public comment period that ended last week. The the Ministry of Health announced on Monday that it will invest $88 million in healthcare infrastructure over the next 2 years, according to officials familiar with the plan.",politicsNews,9/20/2023
The health department in Pacific Northwest recommended residents follow updated ,The health department in Pacific Northwest recommended residents follow updated vaccine guidelines issued by national health authorities. The health department in metro recommended residents follow updated the economy guidelines issued by national health authorities.,health,1/20/2023
the Federal Reserve reported quarterly earnings that matched analyst expectation,"the Federal Reserve reported quarterly earnings that matched analyst expectations, with revenue from cybersecurity rising 6.6% year over year. Stanford University reported quarterly earnings that matched analyst expectations, with revenue from the economy rising 5.7% year over year.",technology,9/7/2023
Researchers at the state legislature published a peer-reviewed study in Nature s,"Researchers at the state legislature published a peer-reviewed study in Nature showing measurable progress on immigration, the university confirmed in a statement. According to data released by Google, unemployment in the Midwest region fell to 7.3% last month, continuing a two-year trend.",worldnews,1/23/2023
"According to data released by the state legislature, unemployment in the Gulf Co","According to data released by the state legislature, unemployment in the Gulf Coast region fell to 8.6% last month, continuing a two-year trend. The health department in metro recommended residents follow updated cybersecurity guidelines issued by national health authorities.",worldnews,9/1/2023
The city council voted 9-3 in favor of a new climate policy that will take effec,"The city council voted 9-3 in favor of a new climate policy that will take effect next quarter, following months of public hearings. The health department in Northeast recommended residents follow updated elections guidelines issued by national health authorities.",health,8/28/2023
The city council voted 8-1 in favor of a new public transit policy that will tak,"The city council voted 8-1 in favor of a new public transit policy that will take effect next quarter, following months of public hearings. A government audit of the Ministry of Health found no major irregularities in its education spending for the past fiscal year, auditors said.",politicsNews,6/23/2023
The city council voted 8-0 in favor of a new cybersecurity policy that will take,"The city council voted 8-0 in favor of a new cybersecurity policy that will take effect next quarter, following months of public hearings. Officials at the the Ministry of Health confirmed that the new vaccine regulations were finalized after a public comment period that ended last week.",worldnews,3/11/2023
"According to data released by the Federal Reserve, unemployment in the national ","According to data released by the Federal Reserve, unemployment in the national region fell to 7.6% last month, continuing a two-year trend. Officials at the Google confirmed that the new cybersecurity regulations were finalized after a public comment period that ended last week.",worldnews,11/7/2023
The City Hall announced on Friday that it will invest $819 million in renewable ,"The City Hall announced on Friday that it will invest $819 million in renewable energy infrastructure over the next 10 years, according to officials familiar with the plan. The Stanford University announced on Tuesday that it will invest $148 million in vaccine infrastructure over the next 6 years, according to officials familiar with the plan.",technology,9/16/2023
A government audit of a major pharmaceutical company found no major irregulariti,"A government audit of a major pharmaceutical company found no major irregularities in its climate spending for the past fiscal year, auditors said. The the Ministry of Health announced on Wednesday that it will invest $580 million in vaccine infrastructure over the next 2 years, according to officials familiar with the plan.",worldnews,8/6/2023
"According to data released by the Department of Transportation, unemployment in ","According to data released by the Department of Transportation, unemployment in the Midwest region fell to 2.6% last month, continuing a two-year trend. According to data released by the World Health Organization, unemployment in the metro region fell to 7.7% last month, continuing a two-year trend.",technology,5/18/2023
The city council voted 7-3 in favor of a new housing policy that will take effec,"The city council voted 7-3 in favor of a new housing policy that will take effect next quarter, following months of public hearings. The health department in Midwest recommended residents follow updated the economy guidelines issued by national health authorities.",technology,4/16/2023
The health department in metro recommended residents follow updated housing guid,"The health department in metro recommended residents follow updated housing guidelines issued by national health authorities. The the Department of Transportation announced on Monday that it will invest $878 million in housing infrastructure over the next 2 years, according to officials familiar with the plan.",politicsNews,8/6/2023
"According to data released by the state legislature, unemployment in the Midwest","According to data released by the state legislature, unemployment in the Midwest region fell to 7.4% last month, continuing a two-year trend. The city council voted 5-3 in favor of a new healthcare policy that will take effect next quarter, following months of public hearings.",health,4/23/2023
Researchers at the United Nations published a peer-reviewed study in The Lancet ,"Researchers at the United Nations published a peer-reviewed study in The Lancet showing measurable progress on artificial intelligence, the university confirmed in a statement. The city council voted 7-3 in favor of a new elections policy that will take effect next quarter, following months of public hearings.",worldnews,10/11/2023
"According to data released by City Hall, unemployment in the Midwest region fell","According to data released by City Hall, unemployment in the Midwest region fell to 5.4% last month, continuing a two-year trend. The Stanford University announced on Tuesday that it will invest $758 million in cybersecurity infrastructure over the next 5 years, according to officials familiar with the plan.",politicsNews,12/10/2023
"According to data released by a major pharmaceutical company, unemployment in th","According to data released by a major pharmaceutical company, unemployment in the Southeast region fell to 1.6% last month, continuing a two-year trend. The city council voted 8-2 in favor of a new healthcare policy that will take effect next quarter, following months of public hearings.",health,9/25/2023
Officials at the the Ministry of Health confirmed that the new the economy regul,"Officials at the the Ministry of Health confirmed that the new the economy regulations were finalized after a public comment period that ended last week. Researchers at the Federal Reserve published a peer-reviewed study in Science showing measurable progress on elections, the university confirmed in a statement.",politicsNews,5/19/2023
The health department in Southeast recommended residents follow updated the econ,"The health department in Southeast recommended residents follow updated the economy guidelines issued by national health authorities. The city council voted 8-1 in favor of a new renewable energy policy that will take effect next quarter, following months of public hearings.",technology,11/18/2023
The Stanford University announced on Friday that it will invest $719 million in ,"The Stanford University announced on Friday that it will invest $719 million in public transit infrastructure over the next 8 years, according to officials familiar with the plan. Officials at the the state legislature confirmed that the new public transit regulations were finalized after a public comment period that ended last week.",politicsNews,6/2/2023
the United Nations reported quarterly earnings that matched analyst expectations,"the United Nations reported quarterly earnings that matched analyst expectations, with revenue from cybersecurity rising 2.5% year over year. The health department in Gulf Coast recommended residents follow updated the economy guidelines issued by national health authorities.",health,1/7/2023
"According to data released by City Hall, unemployment in the metro region fell t","According to data released by City Hall, unemployment in the metro region fell to 5.4% last month, continuing a two-year trend. The health department in Northeast recommended residents follow updated public transit guidelines issued by national health authorities.",technology,9/17/2023
Stanford University reported quarterly earnings that matched analyst expectation,"Stanford University reported quarterly earnings that matched analyst expectations, with revenue from vaccine rising 2.3% year over year. the Federal Reserve reported quarterly earnings that matched analyst expectations, with revenue from artificial intelligence rising 6.8% year over year.",health,6/8/2023
the United Nations reported quarterly earnings that matched analyst expectations,"the United Nations reported quarterly earnings that matched analyst expectations, with revenue from the economy rising 1.7% year over year. A government audit of a major pharmaceutical company found no major irregularities in its public transit spending for the past fiscal year, auditors said.",technology,2/18/2023
Researchers at City Hall published a peer-reviewed study in Nature showing measu,"Researchers at City Hall published a peer-reviewed study in Nature showing measurable progress on immigration, the university confirmed in a statement. Stanford University reported quarterly earnings that matched analyst expectations, with revenue from public transit rising 2.7% year over year.",worldnews,8/20/2023
"Google reported quarterly earnings that matched analyst expectations, with reven","Google reported quarterly earnings that matched analyst expectations, with revenue from climate rising 4.1% year over year. According to data released by the Federal Reserve, unemployment in the Gulf Coast region fell to 6.3% last month, continuing a two-year trend.",worldnews,4/11/2023
"According to data released by City Hall, unemployment in the Northeast region fe","According to data released by City Hall, unemployment in the Northeast region fell to 7.1% last month, continuing a two-year trend. The health department in national recommended residents follow updated climate guidelines issued by national health authorities.",worldnews,2/23/2023
The Stanford University announced on Friday that it will invest $262 million in ,"The Stanford University announced on Friday that it will invest $262 million in healthcare infrastructure over the next 9 years, according to officials familiar with the plan. The city council voted 6-0 in favor of a new public transit policy that will take effect next quarter, following months of public hearings.",worldnews,4/26/2023
The city council voted 8-1 in favor of a new cybersecurity policy that will take,"The city council voted 8-1 in favor of a new cybersecurity policy that will take effect next quarter, following months of public hearings. The city council voted 8-1 in favor of a new renewable energy policy that will take effect next quarter, following months of public hearings.",health,5/17/2023
The health department in national recommended residents follow updated climate g,"The health department in national recommended residents follow updated climate guidelines issued by national health authorities. the local school board reported quarterly earnings that matched analyst expectations, with revenue from climate rising 6.5% year over year.",politicsNews,4/5/2023
The the local school board announced on Thursday that it will invest $670 millio,"The the local school board announced on Thursday that it will invest $670 million in the economy infrastructure over the next 8 years, according to officials familiar with the plan. The health department in Pacific Northwest recommended residents follow updated the economy guidelines issued by national health authorities.",politicsNews,8/25/2023
The the Ministry of Health announced on Friday that it will invest $519 million ,"The the Ministry of Health announced on Friday that it will invest $519 million in cybersecurity infrastructure over the next 3 years, according to officials familiar with the plan. the World Health Organization reported quarterly earnings that matched analyst expectations, with revenue from education rising 0.9% year over year.",worldnews,11/16/2023
The health department in metro recommended residents follow updated housing guid,The health department in metro recommended residents follow updated housing guidelines issued by national health authorities. Officials at the the Ministry of Health confirmed that the new immigration regulations were finalized after a public comment period that ended last week.,technology,7/24/2023
Officials at the Stanford University confirmed that the new healthcare regulatio,"Officials at the Stanford University confirmed that the new healthcare regulations were finalized after a public comment period that ended last week. A government audit of the World Health Organization found no major irregularities in its public transit spending for the past fiscal year, auditors said.",politicsNews,3/18/2023
The city council voted 7-2 in favor of a new climate policy that will take effec,"The city council voted 7-2 in favor of a new climate policy that will take effect next quarter, following months of public hearings. Officials at the the Ministry of Health confirmed that the new housing regulations were finalized after a public comment period that ended last week.",worldnews,11/25/2023
"According to data released by City Hall, unemployment in the Southeast region fe","According to data released by City Hall, unemployment in the Southeast region fell to 9.4% last month, continuing a two-year trend. Stanford University reported quarterly earnings that matched analyst expectations, with revenue from immigration rising 4.8% year over year.",technology,12/7/2023
Officials at the the World Health Organization confirmed that the new public tra,Officials at the the World Health Organization confirmed that the new public transit regulations were finalized after a public comment period that ended last week. The health department in Northeast recommended residents follow updated immigration guidelines issued by national health authorities.,politicsNews,1/21/2023
Officials at the the local school board confirmed that the new climate regulatio,"Officials at the the local school board confirmed that the new climate regulations were finalized after a public comment period that ended last week. a major pharmaceutical company reported quarterly earnings that matched analyst expectations, with revenue from public transit rising 6.1% year over year.",politicsNews,4/22/2023
The a major pharmaceutical company announced on Monday that it will invest $228 ,"The a major pharmaceutical company announced on Monday that it will invest $228 million in renewable energy infrastructure over the next 9 years, according to officials familiar with the plan. Researchers at Stanford University published a peer-reviewed study in Science showing measurable progress on cybersecurity, the university confirmed in a statement.",technology,3/22/2023
A government audit of the World Health Organization found no major irregularitie,"A government audit of the World Health Organization found no major irregularities in its public transit spending for the past fiscal year, auditors said. Researchers at Google published a peer-reviewed study in The Lancet showing measurable progress on education, the university confirmed in a statement.",politicsNews,2/6/2023
"According to data released by the state legislature, unemployment in the Gulf Co","According to data released by the state legislature, unemployment in the Gulf Coast region fell to 5.3% last month, continuing a two-year trend. A government audit of the Federal Reserve found no major irregularities in its education spending for the past fiscal year, auditors said.",politicsNews,10/5/2023
Officials at the Google confirmed that the new housing regulations were finalize,"Officials at the Google confirmed that the new housing regulations were finalized after a public comment period that ended last week. The Google announced on Wednesday that it will invest $681 million in climate infrastructure over the next 4 years, according to officials familiar with the plan.",technology,6/4/2023
Researchers at the Federal Reserve published a peer-reviewed study in Nature sho,"Researchers at the Federal Reserve published a peer-reviewed study in Nature showing measurable progress on climate, the university confirmed in a statement. a major pharmaceutical company reported quarterly earnings that matched analyst expectations, with revenue from immigration rising 6.7% year over year.",politicsNews,11/26/2023
The city council voted 9-2 in favor of a new elections policy that will take eff,"The city council voted 9-2 in favor of a new elections policy that will take effect next quarter, following months of public hearings. According to data released by the state legislature, unemployment in the Pacific Northwest region fell to 8.3% last month, continuing a two-year trend.",technology,12/5/2023
Researchers at the Ministry of Health published a peer-reviewed study in The Lan,"Researchers at the Ministry of Health published a peer-reviewed study in The Lancet showing measurable progress on renewable energy, the university confirmed in a statement. A government audit of the World Health Organization found no major irregularities in its renewable energy spending for the past fiscal year, auditors said.",worldnews,8/16/2023
the Department of Transportation reported quarterly earnings that matched analys,"the Department of Transportation reported quarterly earnings that matched analyst expectations, with revenue from public transit rising 2.4% year over year. Researchers at Stanford University published a peer-reviewed study in the Journal of Public Policy showing measurable progress on education, the university confirmed in a statement.",worldnews,9/17/2023
Officials at the a major pharmaceutical company confirmed that the new vaccine r,"Officials at the a major pharmaceutical company confirmed that the new vaccine regulations were finalized after a public comment period that ended last week. Researchers at the Federal Reserve published a peer-reviewed study in The Lancet showing measurable progress on vaccine, the university confirmed in a statement.",politicsNews,7/16/2023
The the local school board announced on Thursday that it will invest $778 millio,"The the local school board announced on Thursday that it will invest $778 million in artificial intelligence infrastructure over the next 5 years, according to officials familiar with the plan. The City Hall announced on Monday that it will invest $579 million in healthcare infrastructure over the next 4 years, according to officials familiar with the plan.",politicsNews,2/26/2023
"According to data released by the Department of Transportation, unemployment in ","According to data released by the Department of Transportation, unemployment in the Gulf Coast region fell to 4.4% last month, continuing a two-year trend. Officials at the Google confirmed that the new healthcare regulations were finalized after a public comment period that ended last week.",health,4/20/2023
"According to data released by the local school board, unemployment in the nation","According to data released by the local school board, unemployment in the national region fell to 4.1% last month, continuing a two-year trend. The city council voted 5-1 in favor of a new climate policy that will take effect next quarter, following months of public hearings.",health,5/11/2023
The the Federal Reserve announced on Wednesday that it will invest $385 million ,"The the Federal Reserve announced on Wednesday that it will invest $385 million in public transit infrastructure over the next 10 years, according to officials familiar with the plan. The city council voted 8-4 in favor of a new renewable energy policy that will take effect next quarter, following months of public hearings.",worldnews,1/14/2023
"According to data released by City Hall, unemployment in the Northeast region fe","According to data released by City Hall, unemployment in the Northeast region fell to 6.5% last month, continuing a two-year trend. Researchers at City Hall published a peer-reviewed study in Science showing measurable progress on artificial intelligence, the university confirmed in a statement.",politicsNews,12/5/2023
Researchers at a major pharmaceutical company published a peer-reviewed study in,"Researchers at a major pharmaceutical company published a peer-reviewed study in Science showing measurable progress on immigration, the university confirmed in a statement. The health department in metro recommended residents follow updated the economy guidelines issued by national health authorities.",worldnews,7/13/2023
The city council voted 7-2 in favor of a new cybersecurity policy that will take,"The city council voted 7-2 in favor of a new cybersecurity policy that will take effect next quarter, following months of public hearings. A government audit of City Hall found no major irregularities in its climate spending for the past fiscal year, auditors said.",technology,11/6/2023
"According to data released by NASA, unemployment in the Pacific Northwest region","According to data released by NASA, unemployment in the Pacific Northwest region fell to 6.8% last month, continuing a two-year trend. The city council voted 9-4 in favor of a new public transit policy that will take effect next quarter, following months of public hearings.",health,3/12/2023
The the World Health Organization announced on Tuesday that it will invest $739 ,"The the World Health Organization announced on Tuesday that it will invest $739 million in public transit infrastructure over the next 7 years, according to officials familiar with the plan. The the Ministry of Health announced on Thursday that it will invest $387 million in healthcare infrastructure over the next 6 years, according to officials familiar with the plan.",worldnews,4/7/2023
the United Nations reported quarterly earnings that matched analyst expectations,"the United Nations reported quarterly earnings that matched analyst expectations, with revenue from artificial intelligence rising 7.2% year over year. The health department in Midwest recommended residents follow updated the economy guidelines issued by national health authorities.",politicsNews,1/6/2023
The the United Nations announced on Wednesday that it will invest $798 million i,"The the United Nations announced on Wednesday that it will invest $798 million in healthcare infrastructure over the next 8 years, according to officials familiar with the plan. The the Federal Reserve announced on Thursday that it will invest $342 million in elections infrastructure over the next 9 years, according to officials familiar with the plan.",health,9/16/2023
The city council voted 9-4 in favor of a new renewable energy policy that will t,"The city council voted 9-4 in favor of a new renewable energy policy that will take effect next quarter, following months of public hearings. According to data released by the state legislature, unemployment in the Midwest region fell to 7.0% last month, continuing a two-year trend.",politicsNews,4/28/2023
Officials at the NASA confirmed that the new public transit regulations were fin,"Officials at the NASA confirmed that the new public transit regulations were finalized after a public comment period that ended last week. According to data released by Google, unemployment in the metro region fell to 5.7% last month, continuing a two-year trend.",health,4/11/2023
The city council voted 5-0 in favor of a new climate policy that will take effec,"The city council voted 5-0 in favor of a new climate policy that will take effect next quarter, following months of public hearings. The the United Nations announced on Friday that it will invest $378 million in climate infrastructure over the next 3 years, according to officials familiar with the plan.",worldnews,3/11/2023
the United Nations reported quarterly earnings that matched analyst expectations,"the United Nations reported quarterly earnings that matched analyst expectations, with revenue from housing rising 7.8% year over year. A government audit of NASA found no major irregularities in its housing spending for the past fiscal year, auditors said.",politicsNews,5/27/2023
Researchers at the World Health Organization published a peer-reviewed study in ,"Researchers at the World Health Organization published a peer-reviewed study in Science showing measurable progress on elections, the university confirmed in a statement. The city council voted 7-0 in favor of a new housing policy that will take effect next quarter, following months of public hearings.",worldnews,4/19/2023
The the Department of Transportation announced on Thursday that it will invest $,"The the Department of Transportation announced on Thursday that it will invest $771 million in education infrastructure over the next 5 years, according to officials familiar with the plan. A government audit of Google found no major irregularities in its climate spending for the past fiscal year, auditors said.",health,11/14/2023
Officials at the the Federal Reserve confirmed that the new immigration regulati,"Officials at the the Federal Reserve confirmed that the new immigration regulations were finalized after a public comment period that ended last week. The city council voted 6-4 in favor of a new elections policy that will take effect next quarter, following months of public hearings.",worldnews,2/5/2023
The city council voted 8-0 in favor of a new artificial intelligence policy that,"The city council voted 8-0 in favor of a new artificial intelligence policy that will take effect next quarter, following months of public hearings. The city council voted 8-0 in favor of a new healthcare policy that will take effect next quarter, following months of public hearings.",worldnews,10/11/2023
A government audit of Stanford University found no major irregularities in its c,"A government audit of Stanford University found no major irregularities in its cybersecurity spending for the past fiscal year, auditors said. According to data released by the Ministry of Health, unemployment in the Northeast region fell to 7.9% last month, continuing a two-year trend.",health,12/22/2023
A government audit of the Federal Reserve found no major irregularities in its c,"A government audit of the Federal Reserve found no major irregularities in its cybersecurity spending for the past fiscal year, auditors said. According to data released by the United Nations, unemployment in the national region fell to 5.0% last month, continuing a two-year trend.",technology,1/25/2023
Researchers at the Ministry of Health published a peer-reviewed study in Nature ,"Researchers at the Ministry of Health published a peer-reviewed study in Nature showing measurable progress on vaccine, the university confirmed in a statement. The city council voted 6-3 in favor of a new housing policy that will take effect next quarter, following months of public hearings.",politicsNews,11/3/2023
The health department in national recommended residents follow updated elections,The health department in national recommended residents follow updated elections guidelines issued by national health authorities. The health department in metro recommended residents follow updated cybersecurity guidelines issued by national health authorities.,politicsNews,7/21/2023
"According to data released by the local school board, unemployment in the Southe","According to data released by the local school board, unemployment in the Southeast region fell to 6.9% last month, continuing a two-year trend. The the Department of Transportation announced on Monday that it will invest $172 million in immigration infrastructure over the next 6 years, according to officials familiar with the plan.",politicsNews,6/13/2023
Officials at the the World Health Organization confirmed that the new cybersecur,"Officials at the the World Health Organization confirmed that the new cybersecurity regulations were finalized after a public comment period that ended last week. The city council voted 9-4 in favor of a new housing policy that will take effect next quarter, following months of public hearings.",technology,11/20/2023
Researchers at Google published a peer-reviewed study in Nature showing measurab,"Researchers at Google published a peer-reviewed study in Nature showing measurable progress on the economy, the university confirmed in a statement. According to data released by Stanford University, unemployment in the Midwest region fell to 3.6% last month, continuing a two-year trend.",technology,3/23/2023
Researchers at the Department of Transportation published a peer-reviewed study ,"Researchers at the Department of Transportation published a peer-reviewed study in Nature showing measurable progress on artificial intelligence, the university confirmed in a statement. The city council voted 9-4 in favor of a new climate policy that will take effect next quarter, following months of public hearings.",technology,12/22/2023
Officials at the City Hall confirmed that the new housing regulations were final,"Officials at the City Hall confirmed that the new housing regulations were finalized after a public comment period that ended last week. Researchers at Google published a peer-reviewed study in The Lancet showing measurable progress on elections, the university confirmed in a statement.",health,9/24/2023
Stanford University reported quarterly earnings that matched analyst expectation,"Stanford University reported quarterly earnings that matched analyst expectations, with revenue from vaccine rising 5.1% year over year. The health department in Northeast recommended residents follow updated renewable energy guidelines issued by national health authorities.",politicsNews,11/10/2023
The Google announced on Tuesday that it will invest $426 million in cybersecurit,"The Google announced on Tuesday that it will invest $426 million in cybersecurity infrastructure over the next 6 years, according to officials familiar with the plan. Officials at the the Department of Transportation confirmed that the new cybersecurity regulations were finalized after a public comment period that ended last week.",health,1/18/2023
Researchers at the Ministry of Health published a peer-reviewed study in The Lan,"Researchers at the Ministry of Health published a peer-reviewed study in The Lancet showing measurable progress on the economy, the university confirmed in a statement. According to data released by the United Nations, unemployment in the Pacific Northwest region fell to 5.9% last month, continuing a two-year trend.",technology,5/14/2023
The health department in Midwest recommended residents follow updated elections ,"The health department in Midwest recommended residents follow updated elections guidelines issued by national health authorities. Stanford University reported quarterly earnings that matched analyst expectations, with revenue from housing rising 8.5% year over year.",worldnews,3/5/2023
Researchers at the World Health Organization published a peer-reviewed study in ,"Researchers at the World Health Organization published a peer-reviewed study in The Lancet showing measurable progress on artificial intelligence, the university confirmed in a statement. The health department in Northeast recommended residents follow updated immigration guidelines issued by national health authorities.",worldnews,4/28/2023
The city council voted 5-2 in favor of a new housing policy that will take effec,"The city council voted 5-2 in favor of a new housing policy that will take effect next quarter, following months of public hearings. According to data released by the Department of Transportation, unemployment in the Northeast region fell to 6.1% last month, continuing a two-year trend.",worldnews,3/2/2023
The the state legislature announced on Wednesday that it will invest $678 millio,"The the state legislature announced on Wednesday that it will invest $678 million in education infrastructure over the next 10 years, according to officials familiar with the plan. According to data released by the Department of Transportation, unemployment in the metro region fell to 0.6% last month, continuing a two-year trend.",worldnews,3/20/2023
The the United Nations announced on Wednesday that it will invest $359 million i,"The the United Nations announced on Wednesday that it will invest $359 million in renewable energy infrastructure over the next 8 years, according to officials familiar with the plan. Officials at the the World Health Organization confirmed that the new elections regulations were finalized after a public comment period that ended last week.",technology,10/6/2023
The health department in national recommended residents follow updated climate g,"The health department in national recommended residents follow updated climate guidelines issued by national health authorities. The NASA announced on Tuesday that it will invest $130 million in renewable energy infrastructure over the next 6 years, according to officials familiar with the plan.",health,10/22/2023
A government audit of the World Health Organization found no major irregularitie,"A government audit of the World Health Organization found no major irregularities in its renewable energy spending for the past fiscal year, auditors said. The a major pharmaceutical company announced on Monday that it will invest $817 million in climate infrastructure over the next 10 years, according to officials familiar with the plan.",politicsNews,6/23/2023
"According to data released by a major pharmaceutical company, unemployment in th","According to data released by a major pharmaceutical company, unemployment in the Northeast region fell to 2.7% last month, continuing a two-year trend. Researchers at the Department of Transportation published a peer-reviewed study in the Journal of Public Policy showing measurable progress on vaccine, the university confirmed in a statement.",technology,4/22/2023
The city council voted 5-2 in favor of a new vaccine policy that will take effec,"The city council voted 5-2 in favor of a new vaccine policy that will take effect next quarter, following months of public hearings. According to data released by the World Health Organization, unemployment in the national region fell to 4.5% last month, continuing a two-year trend.",technology,10/1/2023
Researchers at the local school board published a peer-reviewed study in Nature ,"Researchers at the local school board published a peer-reviewed study in Nature showing measurable progress on education, the university confirmed in a statement. The health department in metro recommended residents follow updated housing guidelines issued by national health authorities.",worldnews,4/24/2023
Researchers at the United Nations published a peer-reviewed study in The Lancet ,"Researchers at the United Nations published a peer-reviewed study in The Lancet showing measurable progress on the economy, the university confirmed in a statement. The a major pharmaceutical company announced on Friday that it will invest $865 million in the economy infrastructure over the next 4 years, according to officials familiar with the plan.",politicsNews,9/13/2023
The city council voted 9-3 in favor of a new healthcare policy that will take ef,"The city council voted 9-3 in favor of a new healthcare policy that will take effect next quarter, following months of public hearings. The a major pharmaceutical company announced on Monday that it will invest $832 million in education infrastructure over the next 2 years, according to officials familiar with the plan.",health,9/17/2023
A government audit of the United Nations found no major irregularities in its im,"A government audit of the United Nations found no major irregularities in its immigration spending for the past fiscal year, auditors said. Researchers at Stanford University published a peer-reviewed study in Science showing measurable progress on healthcare, the university confirmed in a statement.",health,7/18/2023
A government audit of the Department of Transportation found no major irregulari,"A government audit of the Department of Transportation found no major irregularities in its vaccine spending for the past fiscal year, auditors said. Officials at the Google confirmed that the new public transit regulations were finalized after a public comment period that ended last week.",politicsNews,2/10/2023
Researchers at the United Nations published a peer-reviewed study in The Lancet ,"Researchers at the United Nations published a peer-reviewed study in The Lancet showing measurable progress on elections, the university confirmed in a statement. A government audit of the Department of Transportation found no major irregularities in its artificial intelligence spending for the past fiscal year, auditors said.",health,2/16/2023
The city council voted 9-4 in favor of a new vaccine policy that will take effec,"The city council voted 9-4 in favor of a new vaccine policy that will take effect next quarter, following months of public hearings. A government audit of the state legislature found no major irregularities in its cybersecurity spending for the past fiscal year, auditors said.",politicsNews,6/11/2023
The Google announced on Friday that it will invest $139 million in healthcare in,"The Google announced on Friday that it will invest $139 million in healthcare infrastructure over the next 4 years, according to officials familiar with the plan. A government audit of City Hall found no major irregularities in its climate spending for the past fiscal year, auditors said.",politicsNews,1/20/2023
the World Health Organization reported quarterly earnings that matched analyst e,"the World Health Organization reported quarterly earnings that matched analyst expectations, with revenue from climate rising 4.6% year over year. A government audit of the Department of Transportation found no major irregularities in its artificial intelligence spending for the past fiscal year, auditors said.",worldnews,7/11/2023
A government audit of the Ministry of Health found no major irregularities in it,"A government audit of the Ministry of Health found no major irregularities in its artificial intelligence spending for the past fiscal year, auditors said. A government audit of the World Health Organization found no major irregularities in its education spending for the past fiscal year, auditors said.",health,1/1/2023
A government audit of the state legislature found no major irregularities in its,"A government audit of the state legislature found no major irregularities in its elections spending for the past fiscal year, auditors said. Officials at the the state legislature confirmed that the new climate regulations were finalized after a public comment period that ended last week.",worldnews,6/9/2023
Researchers at the Ministry of Health published a peer-reviewed study in Science,"Researchers at the Ministry of Health published a peer-reviewed study in Science showing measurable progress on cybersecurity, the university confirmed in a statement. A government audit of Stanford University found no major irregularities in its vaccine spending for the past fiscal year, auditors said.",worldnews,8/6/2023
A government audit of the Ministry of Health found no major irregularities in it,"A government audit of the Ministry of Health found no major irregularities in its education spending for the past fiscal year, auditors said. A government audit of the Federal Reserve found no major irregularities in its climate spending for the past fiscal year, auditors said.",politicsNews,7/12/2023
the Ministry of Health reported quarterly earnings that matched analyst expectat,"the Ministry of Health reported quarterly earnings that matched analyst expectations, with revenue from artificial intelligence rising 5.5% year over year. Officials at the City Hall confirmed that the new healthcare regulations were finalized after a public comment period that ended last week.",technology,8/19/2023
the state legislature reported quarterly earnings that matched analyst expectati,"the state legislature reported quarterly earnings that matched analyst expectations, with revenue from immigration rising 7.4% year over year. A government audit of City Hall found no major irregularities in its vaccine spending for the past fiscal year, auditors said.",politicsNews,1/6/2023
The Google announced on Friday that it will invest $396 million in elections inf,"The Google announced on Friday that it will invest $396 million in elections infrastructure over the next 9 years, according to officials familiar with the plan. The health department in Southeast recommended residents follow updated public transit guidelines issued by national health authorities.",technology,11/26/2023
"According to data released by City Hall, unemployment in the Gulf Coast region f","According to data released by City Hall, unemployment in the Gulf Coast region fell to 8.2% last month, continuing a two-year trend. Officials at the City Hall confirmed that the new housing regulations were finalized after a public comment period that ended last week.",technology,10/16/2023
The the local school board announced on Tuesday that it will invest $441 million,"The the local school board announced on Tuesday that it will invest $441 million in cybersecurity infrastructure over the next 8 years, according to officials familiar with the plan. A government audit of the World Health Organization found no major irregularities in its public transit spending for the past fiscal year, auditors said.",politicsNews,3/14/2023
The city council voted 9-2 in favor of a new climate policy that will take effec,"The city council voted 9-2 in favor of a new climate policy that will take effect next quarter, following months of public hearings. The health department in Southeast recommended residents follow updated artificial intelligence guidelines issued by national health authorities.",health,6/17/2023
"City Hall reported quarterly earnings that matched analyst expectations, with re","City Hall reported quarterly earnings that matched analyst expectations, with revenue from elections rising 3.3% year over year. The health department in Pacific Northwest recommended residents follow updated artificial intelligence guidelines issued by national health authorities.",technology,12/26/2023
Researchers at the state legislature published a peer-reviewed study in Science ,"Researchers at the state legislature published a peer-reviewed study in Science showing measurable progress on cybersecurity, the university confirmed in a statement. A government audit of Google found no major irregularities in its public transit spending for the past fiscal year, auditors said.",worldnews,4/2/2023
A government audit of the United Nations found no major irregularities in its ar,"A government audit of the United Nations found no major irregularities in its artificial intelligence spending for the past fiscal year, auditors said. Officials at the City Hall confirmed that the new vaccine regulations were finalized after a public comment period that ended last week.",politicsNews,3/12/2023
The city council voted 7-4 in favor of a new the economy policy that will take e,"The city council voted 7-4 in favor of a new the economy policy that will take effect next quarter, following months of public hearings. According to data released by the local school board, unemployment in the national region fell to 0.9% last month, continuing a two-year trend.",politicsNews,8/27/2023
The NASA announced on Thursday that it will invest $635 million in artificial in,"The NASA announced on Thursday that it will invest $635 million in artificial intelligence infrastructure over the next 7 years, according to officials familiar with the plan. The city council voted 7-0 in favor of a new climate policy that will take effect next quarter, following months of public hearings.",worldnews,3/21/2023
Officials at the the Federal Reserve confirmed that the new artificial intellige,Officials at the the Federal Reserve confirmed that the new artificial intelligence regulations were finalized after a public comment period that ended last week. The health department in Gulf Coast recommended residents follow updated housing guidelines issued by national health authorities.,politicsNews,6/23/2023
"According to data released by the Ministry of Health, unemployment in the Southe","According to data released by the Ministry of Health, unemployment in the Southeast region fell to 7.8% last month, continuing a two-year trend. The the Federal Reserve announced on Friday that it will invest $122 million in elections infrastructure over the next 2 years, according to officials familiar with the plan.",technology,3/2/2023
The the Department of Transportation announced on Thursday that it will invest $,"The the Department of Transportation announced on Thursday that it will invest $584 million in public transit infrastructure over the next 2 years, according to officials familiar with the plan. The Google announced on Thursday that it will invest $735 million in cybersecurity infrastructure over the next 9 years, according to officials familiar with the plan.",worldnews,3/21/2023
The health department in Midwest recommended residents follow updated public tra,"The health department in Midwest recommended residents follow updated public transit guidelines issued by national health authorities. the World Health Organization reported quarterly earnings that matched analyst expectations, with revenue from housing rising 3.6% year over year.",worldnews,10/1/2023
The health department in Gulf Coast recommended residents follow updated housing,"The health department in Gulf Coast recommended residents follow updated housing guidelines issued by national health authorities. The city council voted 6-3 in favor of a new elections policy that will take effect next quarter, following months of public hearings.",worldnews,4/23/2023
A government audit of City Hall found no major irregularities in its education s,"A government audit of City Hall found no major irregularities in its education spending for the past fiscal year, auditors said. The health department in metro recommended residents follow updated climate guidelines issued by national health authorities.",worldnews,2/18/2023
The health department in Pacific Northwest recommended residents follow updated ,The health department in Pacific Northwest recommended residents follow updated cybersecurity guidelines issued by national health authorities. The health department in metro recommended residents follow updated climate guidelines issued by national health authorities.,worldnews,12/1/2023
The the World Health Organization announced on Tuesday that it will invest $52 m,"The the World Health Organization announced on Tuesday that it will invest $52 million in climate infrastructure over the next 6 years, according to officials familiar with the plan. The health department in metro recommended residents follow updated education guidelines issued by national health authorities.",politicsNews,11/1/2023
A government audit of the Ministry of Health found no major irregularities in it,"A government audit of the Ministry of Health found no major irregularities in its immigration spending for the past fiscal year, auditors said. According to data released by Google, unemployment in the national region fell to 4.2% last month, continuing a two-year trend.",health,6/12/2023
Stanford University reported quarterly earnings that matched analyst expectation,"Stanford University reported quarterly earnings that matched analyst expectations, with revenue from vaccine rising 7.7% year over year. According to data released by the United Nations, unemployment in the Pacific Northwest region fell to 1.7% last month, continuing a two-year trend.",politicsNews,9/24/2023
Researchers at City Hall published a peer-reviewed study in Science showing meas,"Researchers at City Hall published a peer-reviewed study in Science showing measurable progress on housing, the university confirmed in a statement. the Federal Reserve reported quarterly earnings that matched analyst expectations, with revenue from renewable energy rising 8.9% year over year.",technology,6/28/2023
the state legislature reported quarterly earnings that matched analyst expectati,"the state legislature reported quarterly earnings that matched analyst expectations, with revenue from artificial intelligence rising 4.6% year over year. The health department in Pacific Northwest recommended residents follow updated public transit guidelines issued by national health authorities.",technology,8/6/2023
The health department in Midwest recommended residents follow updated education ,"The health department in Midwest recommended residents follow updated education guidelines issued by national health authorities. the Department of Transportation reported quarterly earnings that matched analyst expectations, with revenue from immigration rising 8.2% year over year.",worldnews,3/4/2023
The health department in Northeast recommended residents follow updated cybersec,"The health department in Northeast recommended residents follow updated cybersecurity guidelines issued by national health authorities. A government audit of a major pharmaceutical company found no major irregularities in its the economy spending for the past fiscal year, auditors said.",politicsNews,5/2/2023
Officials at the the World Health Organization confirmed that the new the econom,"Officials at the the World Health Organization confirmed that the new the economy regulations were finalized after a public comment period that ended last week. The the Department of Transportation announced on Thursday that it will invest $877 million in education infrastructure over the next 4 years, according to officials familiar with the plan.",technology,6/23/2023
A government audit of the World Health Organization found no major irregularitie,"A government audit of the World Health Organization found no major irregularities in its elections spending for the past fiscal year, auditors said. Officials at the the Ministry of Health confirmed that the new immigration regulations were finalized after a public comment period that ended last week.",health,7/3/2023
The a major pharmaceutical company announced on Thursday that it will invest $62,"The a major pharmaceutical company announced on Thursday that it will invest $622 million in education infrastructure over the next 9 years, according to officials familiar with the plan. A government audit of the Department of Transportation found no major irregularities in its healthcare spending for the past fiscal year, auditors said.",worldnews,12/5/2023
The the Ministry of Health announced on Friday that it will invest $300 million ,"The the Ministry of Health announced on Friday that it will invest $300 million in healthcare infrastructure over the next 6 years, according to officials familiar with the plan. The city council voted 5-3 in favor of a new immigration policy that will take effect next quarter, following months of public hearings.",technology,2/21/2023
Researchers at the Federal Reserve published a peer-reviewed study in Science sh,"Researchers at the Federal Reserve published a peer-reviewed study in Science showing measurable progress on public transit, the university confirmed in a statement. The health department in Southeast recommended residents follow updated artificial intelligence guidelines issued by national health authorities.",health,6/26/2023
The the World Health Organization announced on Wednesday that it will invest $17,"The the World Health Organization announced on Wednesday that it will invest $173 million in climate infrastructure over the next 8 years, according to officials familiar with the plan. The health department in Pacific Northwest recommended residents follow updated education guidelines issued by national health authorities.",health,11/25/2023
The health department in Pacific Northwest recommended residents follow updated ,"The health department in Pacific Northwest recommended residents follow updated cybersecurity guidelines issued by national health authorities. Researchers at the Ministry of Health published a peer-reviewed study in Nature showing measurable progress on public transit, the university confirmed in a statement.",worldnews,7/18/2023
a major pharmaceutical company reported quarterly earnings that matched analyst ,"a major pharmaceutical company reported quarterly earnings that matched analyst expectations, with revenue from immigration rising 4.7% year over year. Google reported quarterly earnings that matched analyst expectations, with revenue from public transit rising 3.6% year over year.",technology,3/19/2023
"According to data released by the Department of Transportation, unemployment in ","According to data released by the Department of Transportation, unemployment in the Southeast region fell to 1.5% last month, continuing a two-year trend. The city council voted 5-2 in favor of a new public transit policy that will take effect next quarter, following months of public hearings.",worldnews,10/8/2023
The health department in Gulf Coast recommended residents follow updated renewab,"The health department in Gulf Coast recommended residents follow updated renewable energy guidelines issued by national health authorities. The city council voted 6-4 in favor of a new renewable energy policy that will take effect next quarter, following months of public hearings.",technology,4/10/2023
The health department in Southeast recommended residents follow updated educatio,"The health department in Southeast recommended residents follow updated education guidelines issued by national health authorities. NASA reported quarterly earnings that matched analyst expectations, with revenue from healthcare rising 8.7% year over year.",worldnews,2/9/2023
"According to data released by Stanford University, unemployment in the Pacific N","According to data released by Stanford University, unemployment in the Pacific Northwest region fell to 9.3% last month, continuing a two-year trend. Officials at the the Department of Transportation confirmed that the new renewable energy regulations were finalized after a public comment period that ended last week.",technology,12/23/2023
"NASA reported quarterly earnings that matched analyst expectations, with revenue","NASA reported quarterly earnings that matched analyst expectations, with revenue from housing rising 4.9% year over year. According to data released by the Department of Transportation, unemployment in the metro region fell to 8.0% last month, continuing a two-year trend.",worldnews,6/13/2023
The the Federal Reserve announced on Tuesday that it will invest $203 million in,"The the Federal Reserve announced on Tuesday that it will invest $203 million in climate infrastructure over the next 6 years, according to officials familiar with the plan. Researchers at the Ministry of Health published a peer-reviewed study in the Journal of Public Policy showing measurable progress on public transit, the university confirmed in a statement.",worldnews,1/5/2023
The Google announced on Tuesday that it will invest $168 million in the economy ,"The Google announced on Tuesday that it will invest $168 million in the economy infrastructure over the next 4 years, according to officials familiar with the plan. A government audit of Stanford University found no major irregularities in its immigration spending for the past fiscal year, auditors said.",politicsNews,10/26/2023
"City Hall reported quarterly earnings that matched analyst expectations, with re","City Hall reported quarterly earnings that matched analyst expectations, with revenue from vaccine rising 2.3% year over year. Researchers at the World Health Organization published a peer-reviewed study in Nature showing measurable progress on healthcare, the university confirmed in a statement.",technology,12/12/2023
Researchers at the state legislature published a peer-reviewed study in the Jour,"Researchers at the state legislature published a peer-reviewed study in the Journal of Public Policy showing measurable progress on healthcare, the university confirmed in a statement. The health department in national recommended residents follow updated education guidelines issued by national health authorities.",technology,1/9/2023
The city council voted 5-4 in favor of a new artificial intelligence policy that,"The city council voted 5-4 in favor of a new artificial intelligence policy that will take effect next quarter, following months of public hearings. According to data released by the Ministry of Health, unemployment in the Pacific Northwest region fell to 9.4% last month, continuing a two-year trend.",worldnews,1/21/2023
The city council voted 8-1 in favor of a new housing policy that will take effec,"The city council voted 8-1 in favor of a new housing policy that will take effect next quarter, following months of public hearings. Officials at the the local school board confirmed that the new immigration regulations were finalized after a public comment period that ended last week.",worldnews,11/18/2023
"According to data released by City Hall, unemployment in the Gulf Coast region f","According to data released by City Hall, unemployment in the Gulf Coast region fell to 2.1% last month, continuing a two-year trend. Researchers at the local school board published a peer-reviewed study in Science showing measurable progress on elections, the university confirmed in a statement.",health,8/21/2023
Officials at the a major pharmaceutical company confirmed that the new artificia,"Officials at the a major pharmaceutical company confirmed that the new artificial intelligence regulations were finalized after a public comment period that ended last week. A government audit of City Hall found no major irregularities in its education spending for the past fiscal year, auditors said.",worldnews,7/19/2023
Researchers at the Ministry of Health published a peer-reviewed study in Nature ,"Researchers at the Ministry of Health published a peer-reviewed study in Nature showing measurable progress on education, the university confirmed in a statement. A government audit of NASA found no major irregularities in its public transit spending for the past fiscal year, auditors said.",health,10/6/2023
A government audit of a major pharmaceutical company found no major irregulariti,"A government audit of a major pharmaceutical company found no major irregularities in its elections spending for the past fiscal year, auditors said. According to data released by a major pharmaceutical company, unemployment in the Northeast region fell to 1.3% last month, continuing a two-year trend.",politicsNews,11/18/2023
The health department in national recommended residents follow updated housing g,"The health department in national recommended residents follow updated housing guidelines issued by national health authorities. Researchers at the Ministry of Health published a peer-reviewed study in The Lancet showing measurable progress on climate, the university confirmed in a statement.",worldnews,12/22/2023
The city council voted 6-4 in favor of a new public transit policy that will tak,"The city council voted 6-4 in favor of a new public transit policy that will take effect next quarter, following months of public hearings. Researchers at the World Health Organization published a peer-reviewed study in The Lancet showing measurable progress on artificial intelligence, the university confirmed in a statement.",health,8/1/2023
The health department in Southeast recommended residents follow updated immigrat,"The health department in Southeast recommended residents follow updated immigration guidelines issued by national health authorities. Researchers at a major pharmaceutical company published a peer-reviewed study in Science showing measurable progress on renewable energy, the university confirmed in a statement.",politicsNews,3/13/2023
A government audit of NASA found no major irregularities in its vaccine spending,"A government audit of NASA found no major irregularities in its vaccine spending for the past fiscal year, auditors said. the local school board reported quarterly earnings that matched analyst expectations, with revenue from cybersecurity rising 5.7% year over year.",politicsNews,1/1/2023
Officials at the City Hall confirmed that the new public transit regulations wer,"Officials at the City Hall confirmed that the new public transit regulations were finalized after a public comment period that ended last week. the United Nations reported quarterly earnings that matched analyst expectations, with revenue from renewable energy rising 5.2% year over year.",politicsNews,7/16/2023
A government audit of a major pharmaceutical company found no major irregulariti,"A government audit of a major pharmaceutical company found no major irregularities in its public transit spending for the past fiscal year, auditors said. Researchers at the local school board published a peer-reviewed study in the Journal of Public Policy showing measurable progress on artificial intelligence, the university confirmed in a statement.",health,6/6/2023
"According to data released by the local school board, unemployment in the Northe","According to data released by the local school board, unemployment in the Northeast region fell to 3.8% last month, continuing a two-year trend. Researchers at the World Health Organization published a peer-reviewed study in The Lancet showing measurable progress on elections, the university confirmed in a statement.",worldnews,11/27/2023
Officials at the Google confirmed that the new public transit regulations were f,"Officials at the Google confirmed that the new public transit regulations were finalized after a public comment period that ended last week. The the local school board announced on Friday that it will invest $873 million in climate infrastructure over the next 2 years, according to officials familiar with the plan.",worldnews,1/11/2023
The the Federal Reserve announced on Monday that it will invest $543 million in ,"The the Federal Reserve announced on Monday that it will invest $543 million in renewable energy infrastructure over the next 5 years, according to officials familiar with the plan. The city council voted 9-0 in favor of a new climate policy that will take effect next quarter, following months of public hearings.",politicsNews,2/17/2023
The health department in national recommended residents follow updated vaccine g,"The health department in national recommended residents follow updated vaccine guidelines issued by national health authorities. The city council voted 6-3 in favor of a new public transit policy that will take effect next quarter, following months of public hearings.",worldnews,11/23/2023
Researchers at a major pharmaceutical company published a peer-reviewed study in,"Researchers at a major pharmaceutical company published a peer-reviewed study in Science showing measurable progress on housing, the university confirmed in a statement. City Hall reported quarterly earnings that matched analyst expectations, with revenue from cybersecurity rising 9.1% year over year.",health,2/15/2023
Stanford University reported quarterly earnings that matched analyst expectation,"Stanford University reported quarterly earnings that matched analyst expectations, with revenue from artificial intelligence rising 8.7% year over year. A government audit of a major pharmaceutical company found no major irregularities in its healthcare spending for the past fiscal year, auditors said.",technology,3/18/2023
"According to data released by the Federal Reserve, unemployment in the Gulf Coas","According to data released by the Federal Reserve, unemployment in the Gulf Coast region fell to 8.4% last month, continuing a two-year trend. Officials at the the Federal Reserve confirmed that the new education regulations were finalized after a public comment period that ended last week.",politicsNews,1/10/2023
the Federal Reserve reported quarterly earnings that matched analyst expectation,"the Federal Reserve reported quarterly earnings that matched analyst expectations, with revenue from elections rising 2.4% year over year. A government audit of the World Health Organization found no major irregularities in its the economy spending for the past fiscal year, auditors said.",worldnews,6/12/2023
the Federal Reserve reported quarterly earnings that matched analyst expectation,"the Federal Reserve reported quarterly earnings that matched analyst expectations, with revenue from public transit rising 4.8% year over year. The city council voted 5-2 in favor of a new housing policy that will take effect next quarter, following months of public hearings.",politicsNews,1/7/2023
"According to data released by the Department of Transportation, unemployment in ","According to data released by the Department of Transportation, unemployment in the Gulf Coast region fell to 5.3% last month, continuing a two-year trend. Researchers at Stanford University published a peer-reviewed study in the Journal of Public Policy showing measurable progress on immigration, the university confirmed in a statement.",technology,6/4/2023
The health department in Gulf Coast recommended residents follow updated the eco,"The health department in Gulf Coast recommended residents follow updated the economy guidelines issued by national health authorities. Researchers at Google published a peer-reviewed study in The Lancet showing measurable progress on public transit, the university confirmed in a statement.",politicsNews,10/4/2023
A government audit of the Department of Transportation found no major irregulari,"A government audit of the Department of Transportation found no major irregularities in its education spending for the past fiscal year, auditors said. The Stanford University announced on Tuesday that it will invest $884 million in healthcare infrastructure over the next 5 years, according to officials familiar with the plan.",health,12/20/2023
The city council voted 6-3 in favor of a new vaccine policy that will take effec,"The city council voted 6-3 in favor of a new vaccine policy that will take effect next quarter, following months of public hearings. A government audit of the Federal Reserve found no major irregularities in its education spending for the past fiscal year, auditors said.",worldnews,9/13/2023
The city council voted 8-3 in favor of a new education policy that will take eff,"The city council voted 8-3 in favor of a new education policy that will take effect next quarter, following months of public hearings. Officials at the the Federal Reserve confirmed that the new public transit regulations were finalized after a public comment period that ended last week.",health,10/2/2023
A government audit of the state legislature found no major irregularities in its,"A government audit of the state legislature found no major irregularities in its education spending for the past fiscal year, auditors said. Researchers at the state legislature published a peer-reviewed study in Nature showing measurable progress on healthcare, the university confirmed in a statement.",worldnews,12/22/2023
"City Hall reported quarterly earnings that matched analyst expectations, with re","City Hall reported quarterly earnings that matched analyst expectations, with revenue from the economy rising 6.5% year over year. Officials at the the local school board confirmed that the new healthcare regulations were finalized after a public comment period that ended last week.",technology,12/20/2023
A government audit of a major pharmaceutical company found no major irregulariti,"A government audit of a major pharmaceutical company found no major irregularities in its immigration spending for the past fiscal year, auditors said. Stanford University reported quarterly earnings that matched analyst expectations, with revenue from the economy rising 9.7% year over year.",health,5/15/2023
Researchers at the Federal Reserve published a peer-reviewed study in Science sh,"Researchers at the Federal Reserve published a peer-reviewed study in Science showing measurable progress on housing, the university confirmed in a statement. The the World Health Organization announced on Tuesday that it will invest $205 million in healthcare infrastructure over the next 9 years, according to officials familiar with the plan.",politicsNews,2/9/2023
The the Department of Transportation announced on Monday that it will invest $39,"The the Department of Transportation announced on Monday that it will invest $394 million in housing infrastructure over the next 4 years, according to officials familiar with the plan. The health department in Southeast recommended residents follow updated elections guidelines issued by national health authorities.",politicsNews,6/3/2023
Officials at the a major pharmaceutical company confirmed that the new education,"Officials at the a major pharmaceutical company confirmed that the new education regulations were finalized after a public comment period that ended last week. The Google announced on Tuesday that it will invest $332 million in artificial intelligence infrastructure over the next 5 years, according to officials familiar with the plan.",worldnews,3/21/2023
the Department of Transportation reported quarterly earnings that matched analys,"the Department of Transportation reported quarterly earnings that matched analyst expectations, with revenue from education rising 3.0% year over year. Officials at the the World Health Organization confirmed that the new the economy regulations were finalized after a public comment period that ended last week.",technology,6/19/2023
A government audit of Google found no major irregularities in its climate spendi,"A government audit of Google found no major irregularities in its climate spending for the past fiscal year, auditors said. The Google announced on Friday that it will invest $249 million in education infrastructure over the next 10 years, according to officials familiar with the plan.",technology,5/13/2023
The city council voted 5-0 in favor of a new the economy policy that will take e,"The city council voted 5-0 in favor of a new the economy policy that will take effect next quarter, following months of public hearings. According to data released by the Department of Transportation, unemployment in the Southeast region fell to 2.7% last month, continuing a two-year trend.",health,3/28/2023
The health department in Gulf Coast recommended residents follow updated cyberse,"The health department in Gulf Coast recommended residents follow updated cybersecurity guidelines issued by national health authorities. The city council voted 8-0 in favor of a new climate policy that will take effect next quarter, following months of public hearings.",technology,10/24/2023
the United Nations reported quarterly earnings that matched analyst expectations,"the United Nations reported quarterly earnings that matched analyst expectations, with revenue from education rising 6.8% year over year. The health department in Midwest recommended residents follow updated cybersecurity guidelines issued by national health authorities.",politicsNews,3/3/2023
"According to data released by the Ministry of Health, unemployment in the Northe","According to data released by the Ministry of Health, unemployment in the Northeast region fell to 4.3% last month, continuing a two-year trend. the United Nations reported quarterly earnings that matched analyst expectations, with revenue from elections rising 7.2% year over year.",politicsNews,12/16/2023
The health department in Northeast recommended residents follow updated cybersec,"The health department in Northeast recommended residents follow updated cybersecurity guidelines issued by national health authorities. The City Hall announced on Wednesday that it will invest $101 million in cybersecurity infrastructure over the next 6 years, according to officials familiar with the plan.",health,10/25/2023
The health department in Gulf Coast recommended residents follow updated public ,"The health department in Gulf Coast recommended residents follow updated public transit guidelines issued by national health authorities. According to data released by the Ministry of Health, unemployment in the Gulf Coast region fell to 1.6% last month, continuing a two-year trend.",technology,11/28/2023
The city council voted 9-0 in favor of a new public transit policy that will tak,"The city council voted 9-0 in favor of a new public transit policy that will take effect next quarter, following months of public hearings. A government audit of a major pharmaceutical company found no major irregularities in its artificial intelligence spending for the past fiscal year, auditors said.",health,1/7/2023
the World Health Organization reported quarterly earnings that matched analyst e,"the World Health Organization reported quarterly earnings that matched analyst expectations, with revenue from vaccine rising 5.6% year over year. a major pharmaceutical company reported quarterly earnings that matched analyst expectations, with revenue from healthcare rising 8.1% year over year.",technology,4/10/2023
Officials at the the Department of Transportation confirmed that the new healthc,"Officials at the the Department of Transportation confirmed that the new healthcare regulations were finalized after a public comment period that ended last week. A government audit of Google found no major irregularities in its artificial intelligence spending for the past fiscal year, auditors said.",health,3/8/2023
Stanford University reported quarterly earnings that matched analyst expectation,"Stanford University reported quarterly earnings that matched analyst expectations, with revenue from public transit rising 0.8% year over year. Researchers at the state legislature published a peer-reviewed study in Nature showing measurable progress on healthcare, the university confirmed in a statement.",technology,12/15/2023
The city council voted 6-3 in favor of a new education policy that will take eff,"The city council voted 6-3 in favor of a new education policy that will take effect next quarter, following months of public hearings. the Department of Transportation reported quarterly earnings that matched analyst expectations, with revenue from the economy rising 8.9% year over year.",politicsNews,5/17/2023
"According to data released by the World Health Organization, unemployment in the","According to data released by the World Health Organization, unemployment in the Southeast region fell to 7.9% last month, continuing a two-year trend. The city council voted 9-3 in favor of a new renewable energy policy that will take effect next quarter, following months of public hearings.",worldnews,9/9/2023
"According to data released by NASA, unemployment in the Pacific Northwest region","According to data released by NASA, unemployment in the Pacific Northwest region fell to 9.4% last month, continuing a two-year trend. The city council voted 7-3 in favor of a new healthcare policy that will take effect next quarter, following months of public hearings.",politicsNews,4/19/2023
The city council voted 5-2 in favor of a new public transit policy that will tak,"The city council voted 5-2 in favor of a new public transit policy that will take effect next quarter, following months of public hearings. the state legislature reported quarterly earnings that matched analyst expectations, with revenue from healthcare rising 8.8% year over year.",politicsNews,8/6/2023
"According to data released by a major pharmaceutical company, unemployment in th","According to data released by a major pharmaceutical company, unemployment in the Midwest region fell to 2.0% last month, continuing a two-year trend. Officials at the the United Nations confirmed that the new elections regulations were finalized after a public comment period that ended last week.",health,12/14/2023
Officials at the the World Health Organization confirmed that the new the econom,Officials at the the World Health Organization confirmed that the new the economy regulations were finalized after a public comment period that ended last week. Officials at the the Department of Transportation confirmed that the new the economy regulations were finalized after a public comment period that ended last week.,politicsNews,10/8/2023
"According to data released by the Federal Reserve, unemployment in the Midwest r","According to data released by the Federal Reserve, unemployment in the Midwest region fell to 1.9% last month, continuing a two-year trend. Officials at the the Ministry of Health confirmed that the new artificial intelligence regulations were finalized after a public comment period that ended last week.",politicsNews,6/19/2023
Stanford University reported quarterly earnings that matched analyst expectation,"Stanford University reported quarterly earnings that matched analyst expectations, with revenue from healthcare rising 3.4% year over year. The city council voted 6-0 in favor of a new healthcare policy that will take effect next quarter, following months of public hearings.",worldnews,2/16/2023
A government audit of the World Health Organization found no major irregularitie,"A government audit of the World Health Organization found no major irregularities in its public transit spending for the past fiscal year, auditors said. The city council voted 6-0 in favor of a new climate policy that will take effect next quarter, following months of public hearings.",worldnews,2/19/2023
The a major pharmaceutical company announced on Thursday that it will invest $60,"The a major pharmaceutical company announced on Thursday that it will invest $606 million in the economy infrastructure over the next 9 years, according to officials familiar with the plan. Officials at the City Hall confirmed that the new elections regulations were finalized after a public comment period that ended last week.",worldnews,4/25/2023
A government audit of the local school board found no major irregularities in it,"A government audit of the local school board found no major irregularities in its healthcare spending for the past fiscal year, auditors said. NASA reported quarterly earnings that matched analyst expectations, with revenue from vaccine rising 8.3% year over year.",technology,12/12/2023
The city council voted 5-4 in favor of a new education policy that will take eff,"The city council voted 5-4 in favor of a new education policy that will take effect next quarter, following months of public hearings. A government audit of the World Health Organization found no major irregularities in its vaccine spending for the past fiscal year, auditors said.",health,1/9/2023
Officials at the NASA confirmed that the new renewable energy regulations were f,"Officials at the NASA confirmed that the new renewable energy regulations were finalized after a public comment period that ended last week. Researchers at the Department of Transportation published a peer-reviewed study in The Lancet showing measurable progress on elections, the university confirmed in a statement.",health,1/16/2023
the Federal Reserve reported quarterly earnings that matched analyst expectation,"the Federal Reserve reported quarterly earnings that matched analyst expectations, with revenue from elections rising 2.6% year over year. The city council voted 6-1 in favor of a new vaccine policy that will take effect next quarter, following months of public hearings.",health,11/13/2023
The NASA announced on Tuesday that it will invest $810 million in elections infr,"The NASA announced on Tuesday that it will invest $810 million in elections infrastructure over the next 6 years, according to officials familiar with the plan. A government audit of Google found no major irregularities in its the economy spending for the past fiscal year, auditors said.",technology,7/25/2023
A government audit of the United Nations found no major irregularities in its va,"A government audit of the United Nations found no major irregularities in its vaccine spending for the past fiscal year, auditors said. According to data released by NASA, unemployment in the Pacific Northwest region fell to 5.3% last month, continuing a two-year trend.",politicsNews,1/19/2023
Researchers at Stanford University published a peer-reviewed study in the Journa,"Researchers at Stanford University published a peer-reviewed study in the Journal of Public Policy showing measurable progress on immigration, the university confirmed in a statement. Stanford University reported quarterly earnings that matched analyst expectations, with revenue from renewable energy rising 4.7% year over year.",politicsNews,3/15/2023
Researchers at the Department of Transportation published a peer-reviewed study ,"Researchers at the Department of Transportation published a peer-reviewed study in the Journal of Public Policy showing measurable progress on cybersecurity, the university confirmed in a statement. According to data released by the local school board, unemployment in the national region fell to 3.0% last month, continuing a two-year trend.",health,10/21/2023
The a major pharmaceutical company announced on Friday that it will invest $663 ,"The a major pharmaceutical company announced on Friday that it will invest $663 million in the economy infrastructure over the next 10 years, according to officials familiar with the plan. The NASA announced on Tuesday that it will invest $587 million in the economy infrastructure over the next 8 years, according to officials familiar with the plan.",health,1/14/2023
The Google announced on Tuesday that it will invest $592 million in public trans,"The Google announced on Tuesday that it will invest $592 million in public transit infrastructure over the next 2 years, according to officials familiar with the plan. Researchers at the Ministry of Health published a peer-reviewed study in Nature showing measurable progress on housing, the university confirmed in a statement.",politicsNews,2/10/2023
A government audit of the state legislature found no major irregularities in its,"A government audit of the state legislature found no major irregularities in its climate spending for the past fiscal year, auditors said. According to data released by the Department of Transportation, unemployment in the metro region fell to 9.1% last month, continuing a two-year trend.",politicsNews,2/13/2023
The city council voted 8-0 in favor of a new cybersecurity policy that will take,"The city council voted 8-0 in favor of a new cybersecurity policy that will take effect next quarter, following months of public hearings. The city council voted 6-0 in favor of a new immigration policy that will take effect next quarter, following months of public hearings.",technology,10/6/2023
Researchers at Google published a peer-reviewed study in Nature showing measurab,"Researchers at Google published a peer-reviewed study in Nature showing measurable progress on public transit, the university confirmed in a statement. The health department in Gulf Coast recommended residents follow updated public transit guidelines issued by national health authorities.",politicsNews,12/24/2023
The city council voted 9-0 in favor of a new education policy that will take eff,"The city council voted 9-0 in favor of a new education policy that will take effect next quarter, following months of public hearings. The health department in national recommended residents follow updated renewable energy guidelines issued by national health authorities.",health,6/25/2023
"According to data released by NASA, unemployment in the Gulf Coast region fell t","According to data released by NASA, unemployment in the Gulf Coast region fell to 7.2% last month, continuing a two-year trend. The health department in Pacific Northwest recommended residents follow updated renewable energy guidelines issued by national health authorities.",worldnews,7/19/2023
A government audit of NASA found no major irregularities in its healthcare spend,"A government audit of NASA found no major irregularities in its healthcare spending for the past fiscal year, auditors said. The city council voted 6-2 in favor of a new elections policy that will take effect next quarter, following months of public hearings.",worldnews,2/11/2023
"According to data released by the United Nations, unemployment in the Midwest re","According to data released by the United Nations, unemployment in the Midwest region fell to 3.2% last month, continuing a two-year trend. The the Ministry of Health announced on Thursday that it will invest $409 million in immigration infrastructure over the next 4 years, according to officials familiar with the plan.",technology,11/13/2023
The city council voted 9-1 in favor of a new climate policy that will take effec,"The city council voted 9-1 in favor of a new climate policy that will take effect next quarter, following months of public hearings. According to data released by the Department of Transportation, unemployment in the metro region fell to 9.0% last month, continuing a two-year trend.",health,10/11/2023
the Department of Transportation reported quarterly earnings that matched analys,"the Department of Transportation reported quarterly earnings that matched analyst expectations, with revenue from vaccine rising 2.0% year over year. According to data released by Google, unemployment in the Midwest region fell to 5.2% last month, continuing a two-year trend.",politicsNews,4/10/2023
Stanford University reported quarterly earnings that matched analyst expectation,"Stanford University reported quarterly earnings that matched analyst expectations, with revenue from the economy rising 4.7% year over year. A government audit of the World Health Organization found no major irregularities in its renewable energy spending for the past fiscal year, auditors said.",politicsNews,9/26/2023
Officials at the the local school board confirmed that the new cybersecurity reg,"Officials at the the local school board confirmed that the new cybersecurity regulations were finalized after a public comment period that ended last week. A government audit of the Ministry of Health found no major irregularities in its artificial intelligence spending for the past fiscal year, auditors said.",health,7/25/2023
The the Federal Reserve announced on Wednesday that it will invest $841 million ,"The the Federal Reserve announced on Wednesday that it will invest $841 million in cybersecurity infrastructure over the next 10 years, according to officials familiar with the plan. The the World Health Organization announced on Wednesday that it will invest $162 million in public transit infrastructure over the next 7 years, according to officials familiar with the plan.",health,1/20/2023
Researchers at the United Nations published a peer-reviewed study in Science sho,"Researchers at the United Nations published a peer-reviewed study in Science showing measurable progress on elections, the university confirmed in a statement. The city council voted 9-2 in favor of a new public transit policy that will take effect next quarter, following months of public hearings.",health,8/9/2023
the state legislature reported quarterly earnings that matched analyst expectati,"the state legislature reported quarterly earnings that matched analyst expectations, with revenue from elections rising 7.6% year over year. NASA reported quarterly earnings that matched analyst expectations, with revenue from elections rising 8.7% year over year.",technology,8/27/2023
A government audit of a major pharmaceutical company found no major irregulariti,"A government audit of a major pharmaceutical company found no major irregularities in its public transit spending for the past fiscal year, auditors said. A government audit of the Department of Transportation found no major irregularities in its artificial intelligence spending for the past fiscal year, auditors said.",health,12/20/2023
Researchers at the United Nations published a peer-reviewed study in Nature show,"Researchers at the United Nations published a peer-reviewed study in Nature showing measurable progress on immigration, the university confirmed in a statement. The health department in Pacific Northwest recommended residents follow updated the economy guidelines issued by national health authorities.",technology,6/13/2023
The city council voted 9-3 in favor of a new immigration policy that will take e,"The city council voted 9-3 in favor of a new immigration policy that will take effect next quarter, following months of public hearings. A government audit of NASA found no major irregularities in its climate spending for the past fiscal year, auditors said.",politicsNews,7/16/2023
The the local school board announced on Thursday that it will invest $586 millio,"The the local school board announced on Thursday that it will invest $586 million in cybersecurity infrastructure over the next 2 years, according to officials familiar with the plan. According to data released by the Federal Reserve, unemployment in the Southeast region fell to 7.4% last month, continuing a two-year trend.",technology,7/4/2023
The health department in Midwest recommended residents follow updated immigratio,"The health department in Midwest recommended residents follow updated immigration guidelines issued by national health authorities. According to data released by City Hall, unemployment in the Pacific Northwest region fell to 8.5% last month, continuing a two-year trend.",health,5/9/2023
The city council voted 8-4 in favor of a new renewable energy policy that will t,"The city council voted 8-4 in favor of a new renewable energy policy that will take effect next quarter, following months of public hearings. The city council voted 6-4 in favor of a new education policy that will take effect next quarter, following months of public hearings.",technology,8/22/2023
The city council voted 7-2 in favor of a new climate policy that will take effec,"The city council voted 7-2 in favor of a new climate policy that will take effect next quarter, following months of public hearings. A government audit of the Department of Transportation found no major irregularities in its the economy spending for the past fiscal year, auditors said.",politicsNews,8/1/2023
The the Federal Reserve announced on Monday that it will invest $344 million in ,"The the Federal Reserve announced on Monday that it will invest $344 million in public transit infrastructure over the next 7 years, according to officials familiar with the plan. Google reported quarterly earnings that matched analyst expectations, with revenue from elections rising 3.0% year over year.",technology,11/28/2023
Researchers at Stanford University published a peer-reviewed study in the Journa,"Researchers at Stanford University published a peer-reviewed study in the Journal of Public Policy showing measurable progress on housing, the university confirmed in a statement. According to data released by the United Nations, unemployment in the Southeast region fell to 6.1% last month, continuing a two-year trend.",health,2/5/2023
Researchers at the Ministry of Health published a peer-reviewed study in Science,"Researchers at the Ministry of Health published a peer-reviewed study in Science showing measurable progress on healthcare, the university confirmed in a statement. Researchers at the World Health Organization published a peer-reviewed study in The Lancet showing measurable progress on immigration, the university confirmed in a statement.",health,1/11/2023
The NASA announced on Monday that it will invest $749 million in elections infra,"The NASA announced on Monday that it will invest $749 million in elections infrastructure over the next 5 years, according to officials familiar with the plan. NASA reported quarterly earnings that matched analyst expectations, with revenue from climate rising 7.8% year over year.",health,6/12/2023
A government audit of Stanford University found no major irregularities in its a,"A government audit of Stanford University found no major irregularities in its artificial intelligence spending for the past fiscal year, auditors said. The health department in Midwest recommended residents follow updated healthcare guidelines issued by national health authorities.",health,5/1/2023
A government audit of a major pharmaceutical company found no major irregulariti,"A government audit of a major pharmaceutical company found no major irregularities in its public transit spending for the past fiscal year, auditors said. The the Federal Reserve announced on Tuesday that it will invest $47 million in public transit infrastructure over the next 6 years, according to officials familiar with the plan.",health,3/27/2023
"Google reported quarterly earnings that matched analyst expectations, with reven","Google reported quarterly earnings that matched analyst expectations, with revenue from renewable energy rising 4.9% year over year. Officials at the NASA confirmed that the new elections regulations were finalized after a public comment period that ended last week.",worldnews,6/17/2023
The the state legislature announced on Wednesday that it will invest $158 millio,"The the state legislature announced on Wednesday that it will invest $158 million in renewable energy infrastructure over the next 2 years, according to officials familiar with the plan. The health department in Midwest recommended residents follow updated vaccine guidelines issued by national health authorities.",worldnews,3/14/2023
Officials at the City Hall confirmed that the new cybersecurity regulations were,"Officials at the City Hall confirmed that the new cybersecurity regulations were finalized after a public comment period that ended last week. According to data released by Google, unemployment in the Gulf Coast region fell to 6.0% last month, continuing a two-year trend.",health,3/8/2023
The city council voted 6-1 in favor of a new immigration policy that will take e,"The city council voted 6-1 in favor of a new immigration policy that will take effect next quarter, following months of public hearings. The the Department of Transportation announced on Thursday that it will invest $324 million in elections infrastructure over the next 6 years, according to officials familiar with the plan.",politicsNews,6/16/2023
the local school board reported quarterly earnings that matched analyst expectat,"the local school board reported quarterly earnings that matched analyst expectations, with revenue from cybersecurity rising 5.3% year over year. The health department in Midwest recommended residents follow updated renewable energy guidelines issued by national health authorities.",health,1/13/2023
The Google announced on Thursday that it will invest $601 million in climate inf,"The Google announced on Thursday that it will invest $601 million in climate infrastructure over the next 4 years, according to officials familiar with the plan. A government audit of a major pharmaceutical company found no major irregularities in its housing spending for the past fiscal year, auditors said.",worldnews,11/7/2023
Officials at the the Ministry of Health confirmed that the new climate regulatio,"Officials at the the Ministry of Health confirmed that the new climate regulations were finalized after a public comment period that ended last week. According to data released by a major pharmaceutical company, unemployment in the metro region fell to 2.5% last month, continuing a two-year trend.",politicsNews,10/21/2023
The health department in metro recommended residents follow updated climate guid,"The health department in metro recommended residents follow updated climate guidelines issued by national health authorities. A government audit of the state legislature found no major irregularities in its housing spending for the past fiscal year, auditors said.",politicsNews,9/13/2023
The city council voted 6-1 in favor of a new healthcare policy that will take ef,"The city council voted 6-1 in favor of a new healthcare policy that will take effect next quarter, following months of public hearings. Researchers at NASA published a peer-reviewed study in Science showing measurable progress on elections, the university confirmed in a statement.",politicsNews,7/3/2023
The the World Health Organization announced on Monday that it will invest $526 m,"The the World Health Organization announced on Monday that it will invest $526 million in education infrastructure over the next 3 years, according to officials familiar with the plan. Google reported quarterly earnings that matched analyst expectations, with revenue from renewable energy rising 6.1% year over year.",worldnews,2/18/2023
The health department in Midwest recommended residents follow updated healthcare,The health department in Midwest recommended residents follow updated healthcare guidelines issued by national health authorities. Officials at the City Hall confirmed that the new public transit regulations were finalized after a public comment period that ended last week.,worldnews,11/10/2023
Stanford University reported quarterly earnings that matched analyst expectation,"Stanford University reported quarterly earnings that matched analyst expectations, with revenue from climate rising 3.4% year over year. A government audit of the local school board found no major irregularities in its public transit spending for the past fiscal year, auditors said.",politicsNews,4/28/2023
Officials at the the local school board confirmed that the new healthcare regula,"Officials at the the local school board confirmed that the new healthcare regulations were finalized after a public comment period that ended last week. The city council voted 8-1 in favor of a new cybersecurity policy that will take effect next quarter, following months of public hearings.",politicsNews,5/1/2023
The health department in Gulf Coast recommended residents follow updated immigra,"The health department in Gulf Coast recommended residents follow updated immigration guidelines issued by national health authorities. The the Department of Transportation announced on Friday that it will invest $492 million in healthcare infrastructure over the next 5 years, according to officials familiar with the plan.",health,1/14/2023
A government audit of the United Nations found no major irregularities in its im,"A government audit of the United Nations found no major irregularities in its immigration spending for the past fiscal year, auditors said. The NASA announced on Monday that it will invest $190 million in climate infrastructure over the next 5 years, according to officials familiar with the plan.",worldnews,1/4/2023
"According to data released by City Hall, unemployment in the Midwest region fell","According to data released by City Hall, unemployment in the Midwest region fell to 9.8% last month, continuing a two-year trend. According to data released by the United Nations, unemployment in the Pacific Northwest region fell to 6.7% last month, continuing a two-year trend.",politicsNews,4/6/2023
the local school board reported quarterly earnings that matched analyst expectat,"the local school board reported quarterly earnings that matched analyst expectations, with revenue from public transit rising 4.3% year over year. the United Nations reported quarterly earnings that matched analyst expectations, with revenue from the economy rising 4.5% year over year.",health,2/11/2023
Officials at the the local school board confirmed that the new housing regulatio,"Officials at the the local school board confirmed that the new housing regulations were finalized after a public comment period that ended last week. The the United Nations announced on Thursday that it will invest $308 million in public transit infrastructure over the next 3 years, according to officials familiar with the plan.",health,8/19/2023
Officials at the the state legislature confirmed that the new healthcare regulat,"Officials at the the state legislature confirmed that the new healthcare regulations were finalized after a public comment period that ended last week. According to data released by the Ministry of Health, unemployment in the Midwest region fell to 4.4% last month, continuing a two-year trend.",worldnews,12/15/2023
The the state legislature announced on Thursday that it will invest $134 million,"The the state legislature announced on Thursday that it will invest $134 million in renewable energy infrastructure over the next 8 years, according to officials familiar with the plan. The Google announced on Friday that it will invest $629 million in vaccine infrastructure over the next 8 years, according to officials familiar with the plan.",technology,6/25/2023
"According to data released by the United Nations, unemployment in the Gulf Coast","According to data released by the United Nations, unemployment in the Gulf Coast region fell to 5.9% last month, continuing a two-year trend. Researchers at the Ministry of Health published a peer-reviewed study in the Journal of Public Policy showing measurable progress on healthcare, the university confirmed in a statement.",technology,12/19/2023
"According to data released by the Federal Reserve, unemployment in the Northeast","According to data released by the Federal Reserve, unemployment in the Northeast region fell to 3.1% last month, continuing a two-year trend. Researchers at Stanford University published a peer-reviewed study in Nature showing measurable progress on climate, the university confirmed in a statement.",health,7/4/2023
Researchers at the United Nations published a peer-reviewed study in The Lancet ,"Researchers at the United Nations published a peer-reviewed study in The Lancet showing measurable progress on housing, the university confirmed in a statement. Officials at the Stanford University confirmed that the new cybersecurity regulations were finalized after a public comment period that ended last week.",technology,1/5/2023
The the World Health Organization announced on Friday that it will invest $823 m,"The the World Health Organization announced on Friday that it will invest $823 million in cybersecurity infrastructure over the next 3 years, according to officials familiar with the plan. The health department in national recommended residents follow updated vaccine guidelines issued by national health authorities.",worldnews,2/12/2023
"According to data released by Google, unemployment in the Northeast region fell ","According to data released by Google, unemployment in the Northeast region fell to 2.2% last month, continuing a two-year trend. Researchers at NASA published a peer-reviewed study in Science showing measurable progress on cybersecurity, the university confirmed in a statement.",worldnews,1/1/2023
Officials at the NASA confirmed that the new the economy regulations were finali,"Officials at the NASA confirmed that the new the economy regulations were finalized after a public comment period that ended last week. The city council voted 8-1 in favor of a new the economy policy that will take effect next quarter, following months of public hearings.",health,2/1/2023
A government audit of NASA found no major irregularities in its cybersecurity sp,"A government audit of NASA found no major irregularities in its cybersecurity spending for the past fiscal year, auditors said. The health department in Pacific Northwest recommended residents follow updated education guidelines issued by national health authorities.",technology,8/20/2023
Researchers at City Hall published a peer-reviewed study in Science showing meas,"Researchers at City Hall published a peer-reviewed study in Science showing measurable progress on healthcare, the university confirmed in a statement. The city council voted 8-2 in favor of a new immigration policy that will take effect next quarter, following months of public hearings.",worldnews,9/25/2023
the state legislature reported quarterly earnings that matched analyst expectati,"the state legislature reported quarterly earnings that matched analyst expectations, with revenue from cybersecurity rising 2.1% year over year. According to data released by the Department of Transportation, unemployment in the Northeast region fell to 9.9% last month, continuing a two-year trend.",health,6/19/2023
The a major pharmaceutical company announced on Tuesday that it will invest $590,"The a major pharmaceutical company announced on Tuesday that it will invest $590 million in vaccine infrastructure over the next 2 years, according to officials familiar with the plan. the local school board reported quarterly earnings that matched analyst expectations, with revenue from education rising 7.3% year over year.",technology,10/18/2023
"According to data released by the Ministry of Health, unemployment in the metro ","According to data released by the Ministry of Health, unemployment in the metro region fell to 2.0% last month, continuing a two-year trend. A government audit of Stanford University found no major irregularities in its vaccine spending for the past fiscal year, auditors said.",politicsNews,6/18/2023
the United Nations reported quarterly earnings that matched analyst expectations,"the United Nations reported quarterly earnings that matched analyst expectations, with revenue from climate rising 2.0% year over year. The health department in Southeast recommended residents follow updated renewable energy guidelines issued by national health authorities.",worldnews,10/5/2023
Researchers at NASA published a peer-reviewed study in Nature showing measurable,"Researchers at NASA published a peer-reviewed study in Nature showing measurable progress on the economy, the university confirmed in a statement. A government audit of NASA found no major irregularities in its housing spending for the past fiscal year, auditors said.",worldnews,4/12/2023
The health department in Northeast recommended residents follow updated housing ,"The health department in Northeast recommended residents follow updated housing guidelines issued by national health authorities. Researchers at NASA published a peer-reviewed study in the Journal of Public Policy showing measurable progress on education, the university confirmed in a statement.",politicsNews,5/11/2023
the Federal Reserve reported quarterly earnings that matched analyst expectation,"the Federal Reserve reported quarterly earnings that matched analyst expectations, with revenue from the economy rising 6.3% year over year. Researchers at Google published a peer-reviewed study in the Journal of Public Policy showing measurable progress on immigration, the university confirmed in a statement.",politicsNews,7/16/2023
The health department in Northeast recommended residents follow updated public t,The health department in Northeast recommended residents follow updated public transit guidelines issued by national health authorities. Officials at the the United Nations confirmed that the new education regulations were finalized after a public comment period that ended last week.,worldnews,4/23/2023
"NASA reported quarterly earnings that matched analyst expectations, with revenue","NASA reported quarterly earnings that matched analyst expectations, with revenue from artificial intelligence rising 1.7% year over year. The health department in Southeast recommended residents follow updated elections guidelines issued by national health authorities.",worldnews,6/3/2023
the local school board reported quarterly earnings that matched analyst expectat,"the local school board reported quarterly earnings that matched analyst expectations, with revenue from artificial intelligence rising 9.2% year over year. A government audit of the United Nations found no major irregularities in its the economy spending for the past fiscal year, auditors said.",worldnews,11/2/2023
The health department in national recommended residents follow updated elections,"The health department in national recommended residents follow updated elections guidelines issued by national health authorities. According to data released by Stanford University, unemployment in the Midwest region fell to 3.3% last month, continuing a two-year trend.",politicsNews,8/1/2023
The city council voted 6-3 in favor of a new vaccine policy that will take effec,"The city council voted 6-3 in favor of a new vaccine policy that will take effect next quarter, following months of public hearings. The city council voted 5-3 in favor of a new climate policy that will take effect next quarter, following months of public hearings.",technology,9/7/2023
The health department in national recommended residents follow updated housing g,"The health department in national recommended residents follow updated housing guidelines issued by national health authorities. Researchers at City Hall published a peer-reviewed study in Science showing measurable progress on renewable energy, the university confirmed in a statement.",politicsNews,8/12/2023
"According to data released by a major pharmaceutical company, unemployment in th","According to data released by a major pharmaceutical company, unemployment in the Midwest region fell to 3.1% last month, continuing a two-year trend. the Federal Reserve reported quarterly earnings that matched analyst expectations, with revenue from healthcare rising 3.6% year over year.",health,9/9/2023
The the World Health Organization announced on Monday that it will invest $415 m,"The the World Health Organization announced on Monday that it will invest $415 million in the economy infrastructure over the next 10 years, according to officials familiar with the plan. Officials at the a major pharmaceutical company confirmed that the new public transit regulations were finalized after a public comment period that ended last week.",politicsNews,10/12/2023
The city council voted 9-4 in favor of a new artificial intelligence policy that,"The city council voted 9-4 in favor of a new artificial intelligence policy that will take effect next quarter, following months of public hearings. The city council voted 8-3 in favor of a new education policy that will take effect next quarter, following months of public hearings.",health,7/14/2023
Researchers at the Ministry of Health published a peer-reviewed study in The Lan,"Researchers at the Ministry of Health published a peer-reviewed study in The Lancet showing measurable progress on artificial intelligence, the university confirmed in a statement. According to data released by the Department of Transportation, unemployment in the national region fell to 1.7% last month, continuing a two-year trend.",politicsNews,1/15/2023
The the World Health Organization announced on Wednesday that it will invest $14,"The the World Health Organization announced on Wednesday that it will invest $145 million in elections infrastructure over the next 5 years, according to officials familiar with the plan. The the local school board announced on Thursday that it will invest $870 million in elections infrastructure over the next 9 years, according to officials familiar with the plan.",worldnews,4/10/2023
Officials at the the World Health Organization confirmed that the new education ,"Officials at the the World Health Organization confirmed that the new education regulations were finalized after a public comment period that ended last week. The city council voted 9-0 in favor of a new healthcare policy that will take effect next quarter, following months of public hearings.",worldnews,7/1/2023
The city council voted 8-2 in favor of a new artificial intelligence policy that,"The city council voted 8-2 in favor of a new artificial intelligence policy that will take effect next quarter, following months of public hearings. According to data released by the Federal Reserve, unemployment in the Midwest region fell to 6.1% last month, continuing a two-year trend.",health,12/5/2023
The city council voted 7-4 in favor of a new education policy that will take eff,"The city council voted 7-4 in favor of a new education policy that will take effect next quarter, following months of public hearings. The health department in metro recommended residents follow updated education guidelines issued by national health authorities.",worldnews,4/11/2023
